time_utc,broadcast_status,stream_status,health,issues
11:02:40,live,active,good,
11:03:41,live,active,good,
11:04:41,live,active,good,audioBitrateLow
11:05:42,live,active,good,audioBitrateLow
11:06:42,live,active,good,audioBitrateLow
11:07:43,live,active,good,audioBitrateLow
11:08:43,live,active,good,audioBitrateLow
11:09:44,live,active,good,audioBitrateLow
11:10:44,live,active,good,audioBitrateLow
11:11:45,live,active,good,audioBitrateLow
11:12:45,live,active,good,audioBitrateLow
11:13:46,live,active,good,audioBitrateLow
11:14:46,live,active,good,audioBitrateLow
11:15:47,live,active,good,audioBitrateLow
11:16:47,live,active,good,audioBitrateLow
11:17:48,live,active,good,audioBitrateLow
11:18:48,live,active,good,audioBitrateLow
11:19:49,live,active,good,audioBitrateLow
11:20:50,live,active,good,audioBitrateLow
11:21:50,live,active,good,audioBitrateLow
11:22:51,live,active,good,audioBitrateLow
11:23:51,live,active,good,audioBitrateLow
11:24:52,live,active,good,audioBitrateLow
11:25:52,live,active,good,audioBitrateLow
11:26:53,live,active,good,audioBitrateLow
11:27:54,live,active,good,audioBitrateLow
11:28:54,live,active,good,
11:29:55,live,active,good,
11:30:55,live,active,good,
11:31:55,live,active,good,
11:32:56,live,active,good,
11:33:56,live,active,good,
11:34:57,live,active,good,
11:35:57,live,active,good,
11:36:58,live,active,good,audioBitrateLow
11:37:58,live,active,good,audioBitrateLow
11:38:59,live,active,good,audioBitrateLow
11:39:59,live,active,good,audioBitrateLow
11:41:00,live,active,good,audioBitrateLow
11:42:00,live,active,good,audioBitrateLow
11:43:01,live,active,good,audioBitrateLow
11:44:01,live,active,good,audioBitrateLow
11:45:02,live,active,good,audioBitrateLow
11:46:02,live,active,good,audioBitrateLow
11:47:03,live,active,good,audioBitrateLow
11:48:03,live,active,good,audioBitrateLow
11:49:04,live,active,good,audioBitrateLow
11:50:04,live,active,good,audioBitrateLow
11:51:05,live,active,good,audioBitrateLow
11:52:05,live,active,good,audioBitrateLow
11:53:06,live,active,good,audioBitrateLow
11:54:06,live,active,good,audioBitrateLow
11:55:07,live,active,good,audioBitrateLow
11:56:07,live,active,good,audioBitrateLow
11:57:07,live,active,good,audioBitrateLow
11:58:08,live,active,good,audioBitrateLow
11:59:09,live,active,good,audioBitrateLow
12:00:09,live,active,good,audioBitrateLow
12:01:10,live,active,good,audioBitrateLow
12:02:11,live,active,good,audioBitrateLow
12:03:11,live,active,good,audioBitrateLow
12:04:12,live,active,good,audioBitrateLow
12:05:12,live,active,good,audioBitrateLow
12:06:13,live,active,good,audioBitrateLow
12:07:13,live,active,good,audioBitrateLow
12:08:14,live,active,good,audioBitrateLow
12:09:14,live,active,good,audioBitrateLow
12:10:15,live,active,good,audioBitrateLow
12:11:15,live,active,good,
12:12:16,live,active,good,
12:13:16,live,active,good,
12:14:17,live,active,good,
12:15:17,live,active,good,
12:16:18,live,active,good,
12:17:18,live,active,good,
12:18:19,live,active,good,
12:19:19,live,active,good,
12:20:20,live,active,good,
12:21:20,live,active,good,audioBitrateLow
12:22:21,live,active,good,audioBitrateLow
12:23:21,live,active,good,audioBitrateLow
12:24:22,live,active,good,audioBitrateLow
12:25:22,live,active,good,audioBitrateLow
12:26:23,live,active,good,audioBitrateLow
12:27:23,live,active,good,audioBitrateLow
12:28:24,live,active,good,audioBitrateLow
12:29:24,live,active,good,audioBitrateLow
12:30:25,live,active,good,audioBitrateLow
12:31:25,live,active,good,audioBitrateLow
12:32:26,live,active,good,audioBitrateLow
12:33:26,live,active,good,audioBitrateLow
12:34:27,live,active,good,audioBitrateLow
12:35:27,live,active,good,audioBitrateLow
12:36:28,live,active,good,audioBitrateLow
12:37:28,live,active,good,audioBitrateLow
12:38:29,live,active,good,audioBitrateLow
12:39:29,live,active,good,audioBitrateLow
12:40:30,live,active,good,audioBitrateLow
12:41:30,live,active,good,audioBitrateLow
12:42:31,live,active,good,audioBitrateLow
12:43:31,live,active,good,audioBitrateLow
12:44:31,live,active,good,
12:45:32,live,active,good,
12:46:32,live,active,good,
12:47:33,live,active,good,
12:48:33,live,active,good,
12:49:34,live,active,good,
12:50:34,live,active,good,
12:51:35,live,active,good,
12:52:35,live,active,good,
12:53:36,live,active,good,
12:54:36,live,active,good,audioBitrateLow
12:55:36,error,SSLEOFError,,
12:56:37,live,active,good,audioBitrateLow
12:57:37,live,active,good,audioBitrateLow
12:58:38,live,active,good,audioBitrateLow
12:59:38,live,active,good,audioBitrateLow
13:00:39,live,active,good,
