time_mdt,brcmf_sdio_errors,camera_owner
22:48,1,production
23:03,4,production
23:35,1,production
23:36,3,production
00:23,33,production
00:24,42,production
00:57,1,option_a
00:59,1,option_a
01:04,1,option_a
01:12,1,option_a
01:13,1,option_a
01:14,1,option_a
01:21,1,option_a
01:24,1,option_a
01:28,5,option_a
01:29,9,option_a
01:30,12,option_a
01:31,12,none (handing back)
01:32,11,none (handing back)
01:33,12,none (handing back)
01:34,13,none (handing back)
01:35,12,none (handing back)
01:36,13,none (handing back)
01:37,12,none (handing back)
01:38,12,none (handing back)
01:39,12,none (handing back)
01:40,13,production
02:02,1,production
02:15,1,production
02:22,1,production
02:55,1,production
02:56,1,production
