time,frame,snap_s,cpu_pct,temp_c,throttled,memavail_mb
01:06:59,795,,16,56.9,0x0,153
01:07:59,1694,,17,58.0,0x0,147
01:08:59,2595,,16,58.5,0x0,144
01:09:59,3496,,15,59.1,0x0,146
01:10:59,4396,0.126230,16,59.1,0x0,145
01:11:59,5311,,15,58.5,0x0,155
01:12:59,6212,,16,59.1,0x0,153
01:13:59,7112,,16,59.1,0x0,157
01:15:00,8013,,15,59.1,0x0,158
01:16:00,8914,0.053620,16,59.1,0x0,159
01:17:00,9813,,15,59.1,0x0,158
01:18:00,10714,,16,59.1,0x0,157
01:19:00,11615,,16,59.1,0x0,158
01:20:00,12516,,20,59.1,0x0,160
01:21:00,13415,0.046762,15,59.1,0x0,163
01:22:00,14316,,17,58.5,0x0,161
01:23:00,15224,,16,59.1,0x0,160
01:24:00,16124,,15,59.6,0x0,164
01:25:00,17025,,16,59.6,0x0,162
01:26:00,17252,0.042816,1,54.8,0x0,162
01:27:00,17672,,3,53.2,0x0,159
01:28:01,17921,,1,52.1,0x0,161
01:29:01,20627,,24,58.0,0x0,154
01:30:01,21391,,1,56.9,0x0,161
01:31:02,21391,0.240450,1,53.7,0x0,155
01:31:02 stalled -> device.service
