time,restarts,frame,snap_s,cpu_pct,temp_c,throttled,memavail_mb
05:02:55,0,795,,16,52.1,0x0,202
05:03:55,0,1696,,16,52.6,0x0,185
05:04:55,0,2597,,16,53.2,0x0,178
05:05:55,0,3496,,16,53.2,0x0,180
05:06:56,0,4397,0.122983,16,53.7,0x0,177
05:07:56,0,5306,,15,53.7,0x0,177
05:08:56,0,6205,,16,53.7,0x0,175
05:09:56,0,7106,,16,53.7,0x0,174
05:10:56,0,8007,,16,53.7,0x0,173
05:11:56,0,8907,0.084069,16,53.7,0x0,172
05:12:56,0,9815,,16,53.7,0x0,172
05:13:56,0,10716,,16,53.2,0x0,171
05:14:56,0,11615,,16,53.2,0x0,171
05:15:56,0,12516,,15,53.7,0x0,172
05:16:57,0,13417,0.046989,15,53.7,0x0,171
05:17:57,0,14317,,15,53.7,0x0,171
05:18:57,0,15217,,16,53.7,0x0,171
05:19:57,0,16118,,17,53.7,0x0,170
05:20:57,0,17019,,16,53.7,0x0,170
05:21:57,0,17919,0.046808,16,53.7,0x0,169
05:22:57,0,18827,,17,53.7,0x0,170
05:23:57,0,19728,,16,53.7,0x0,169
05:24:57,0,20627,,16,53.7,0x0,169
05:25:57,0,21528,,16,53.7,0x0,168
05:26:57,0,22429,0.044585,15,53.7,0x0,168
05:27:57,0,23329,,16,53.7,0x0,167
05:28:58,0,24229,,16,53.2,0x0,168
05:29:58,0,25130,,16,53.7,0x0,167
05:30:58,0,26030,,16,52.6,0x0,168
05:31:58,0,26938,0.046457,16,53.2,0x0,167
05:32:58,0,27839,,17,52.6,0x0,166
05:33:58,0,28738,,15,53.2,0x0,165
05:34:58,0,29639,,16,52.6,0x0,166
05:35:58,0,30540,,16,52.6,0x0,164
05:36:58,0,31441,0.044303,15,53.2,0x0,165
05:37:58,0,32341,,17,53.2,0x0,167
05:38:58,0,33249,,16,53.2,0x0,166
05:39:58,0,34150,,16,53.2,0x0,166
05:40:59,0,35049,,16,53.7,0x0,165
05:41:59,0,35950,0.045205,16,53.7,0x0,166
05:42:59,0,36851,,16,53.2,0x0,164
05:43:59,0,37751,,17,53.7,0x0,164
05:44:59,0,38651,,16,53.7,0x0,165
05:45:59,0,39552,,16,53.7,0x0,165
05:46:59,0,40459,0.044261,16,53.7,0x0,165
05:47:59,0,41360,,16,53.7,0x0,165
05:48:59,0,42261,,15,53.7,0x0,165
05:49:59,0,43161,,16,53.2,0x0,166
05:51:00,0,44061,,16,53.7,0x0,166
05:52:00,0,44962,0.044351,16,52.6,0x0,165
05:53:00,0,45869,,17,52.6,0x0,165
05:54:00,0,46770,,15,52.6,0x0,165
05:55:00,0,47671,,16,52.6,0x0,165
05:56:00,0,48571,,17,52.6,0x0,165
05:57:00,0,49471,0.043676,15,53.2,0x0,165
05:58:00,0,50372,,17,52.6,0x0,165
05:59:01,0,51280,,17,53.2,0x0,165
06:00:01,0,52180,,15,53.7,0x0,165
06:01:01,0,53081,,17,53.2,0x0,166
06:02:01,0,53982,0.045538,16,53.2,0x0,165
06:03:01,0,54881,,16,53.7,0x0,165
06:04:01,0,55782,,16,53.2,0x0,165
06:05:01,0,56690,,15,53.2,0x0,165
06:06:01,0,57590,,16,53.7,0x0,166
06:07:02,0,58491,0.044790,16,53.7,0x0,166
06:08:02,0,59392,,16,53.7,0x0,165
06:09:02,0,60291,,16,53.7,0x0,164
06:10:02,0,61200,,16,54.2,0x0,165
06:11:02,0,62100,,16,53.7,0x0,166
06:12:03,0,63000,0.112254,17,54.8,0x0,169
06:13:03,0,63909,,17,53.7,0x0,170
06:14:03,0,64809,,16,53.7,0x0,170
06:15:03,0,65710,,17,54.2,0x0,170
06:16:03,0,66617,,17,53.7,0x0,169
06:17:03,0,67518,0.045886,16,54.2,0x0,169
06:18:03,0,68419,,16,53.7,0x0,175
06:19:03,0,69319,,16,54.2,0x0,173
06:20:04,0,70219,,16,53.7,0x0,170
06:21:04,0,71128,,16,54.2,0x0,170
06:22:04,0,72028,0.045869,15,53.7,0x0,169
06:23:04,0,72928,,16,54.2,0x0,168
06:24:04,0,73829,,15,54.2,0x0,168
06:25:04,0,74736,,16,53.7,0x0,168
06:26:04,0,75637,,16,54.8,0x0,175
06:27:05,0,76538,0.044378,17,54.2,0x0,173
06:28:05,0,77438,,16,54.2,0x0,172
06:29:05,0,78346,,16,53.7,0x0,171
06:30:05,0,79246,,16,53.7,0x0,171
06:31:05,0,80147,,17,53.7,0x0,178
06:32:05,0,81047,0.044842,16,53.7,0x0,176
06:33:06,0,81955,,16,53.7,0x0,171
06:34:06,0,82856,,15,53.7,0x0,171
06:35:06,0,83756,,16,54.2,0x0,170
06:36:06,0,84657,,16,54.8,0x0,170
06:37:06,0,85565,0.044506,16,54.8,0x0,170
06:38:06,0,86464,,16,54.2,0x0,168
06:39:07,0,87365,,16,53.7,0x0,167
06:40:07,0,88266,,16,53.7,0x0,178
06:41:07,0,89173,,16,53.7,0x0,175
06:42:07,0,90074,0.043923,16,54.2,0x0,175
06:43:07,0,90975,,16,53.7,0x0,173
06:44:07,0,91882,,16,53.7,0x0,172
06:45:07,0,92783,,16,53.2,0x0,172
06:46:08,0,93683,,16,53.7,0x0,171
06:47:08,0,94583,0.043220,15,53.7,0x0,171
06:48:08,0,95491,,16,54.2,0x0,178
06:49:08,0,96392,,17,53.7,0x0,176
06:50:08,0,97293,,16,54.2,0x0,176
06:51:08,0,98193,,16,54.2,0x0,175
06:52:09,0,99101,0.044257,16,53.7,0x0,180
06:53:09,0,100002,,16,53.7,0x0,176
06:54:09,0,100902,,16,54.2,0x0,174
06:55:09,0,101810,,16,53.7,0x0,172
06:56:09,0,102711,,16,53.7,0x0,177
06:57:10,0,103610,0.044347,16,53.7,0x0,175
06:58:10,0,104519,,16,54.2,0x0,173
06:59:10,0,105419,,16,53.7,0x0,173
07:00:10,0,106319,,17,54.2,0x0,172
07:01:10,0,107220,,16,53.7,0x0,171
07:02:11,0,108128,0.044253,17,53.7,0x0,173
07:03:11,0,109028,,17,54.2,0x0,172
07:04:11,0,109936,,16,53.7,0x0,176
07:05:11,0,110837,,16,53.7,0x0,175
07:06:11,0,111737,,15,54.2,0x0,174
07:07:12,0,112637,0.045212,17,53.7,0x0,178
07:08:12,0,113546,,16,53.7,0x0,176
07:09:12,0,114446,,16,53.7,0x0,175
07:10:12,0,115354,,16,53.7,0x0,174
07:11:12,0,116254,,15,53.7,0x0,173
07:12:13,0,117155,0.044351,17,53.2,0x0,178
07:13:13,0,118062,,15,53.2,0x0,176
07:14:13,0,118963,,16,53.7,0x0,174
07:15:13,0,119864,,15,53.7,0x0,173
07:16:13,0,120771,,16,53.7,0x0,177
07:17:14,0,121672,0.044154,16,53.7,0x0,176
07:18:14,0,122573,,16,53.2,0x0,174
07:19:14,0,123480,,16,53.7,0x0,180
07:20:14,0,124381,,17,52.6,0x0,178
07:21:14,0,125281,,16,52.6,0x0,177
07:22:15,0,126189,0.044046,16,53.2,0x0,175
07:23:15,0,127089,,16,52.6,0x0,178
07:24:15,0,127998,,16,52.6,0x0,177
07:25:15,0,128897,,16,53.2,0x0,176
07:26:15,0,129798,,16,53.2,0x0,180
07:27:16,0,130706,0.044394,15,53.2,0x0,177
07:28:16,0,131607,,16,53.2,0x0,175
07:29:16,0,132515,,15,52.6,0x0,175
07:30:16,0,133415,,15,53.7,0x0,174
07:31:17,0,134316,,16,53.7,0x0,174
07:32:17,0,135223,0.045548,15,53.7,0x0,180
07:33:17,0,136124,,16,53.7,0x0,176
07:34:17,0,137025,,16,53.7,0x0,174
07:35:17,0,137932,,16,53.7,0x0,177
07:36:18,0,138833,,16,54.8,0x0,176
07:37:18,0,139741,0.049344,17,54.2,0x0,174
07:38:18,0,140641,,16,54.8,0x0,177
07:39:18,0,141542,,16,54.2,0x0,177
07:40:19,0,142450,,16,54.2,0x0,176
07:41:19,0,143350,,16,54.2,0x0,176
07:42:19,0,144258,0.072905,16,53.7,0x0,175
07:43:19,0,145159,,16,54.2,0x0,173
07:44:20,0,146066,,17,53.7,0x0,179
07:45:20,0,146967,,16,53.7,0x0,176
07:46:20,0,147867,,16,54.2,0x0,175
07:47:20,0,148776,0.055763,16,53.7,0x0,174
07:48:21,0,149675,,16,53.7,0x0,174
07:49:21,0,150584,,16,53.7,0x0,175
07:50:21,0,151484,,16,53.7,0x0,174
07:51:21,0,152392,,18,54.2,0x0,173
07:52:22,0,153292,0.044376,17,53.7,0x0,173
07:53:22,0,154201,,16,53.7,0x0,172
07:54:22,0,155100,,16,53.7,0x0,172
07:55:22,0,156001,,16,53.7,0x0,172
07:56:23,0,156909,,17,53.7,0x0,173
07:57:23,0,157809,0.044288,15,54.2,0x0,173
07:58:23,0,158717,,16,54.8,0x0,173
07:59:23,0,159618,,16,53.7,0x0,174
08:00:24,0,160525,,16,54.2,0x0,173
08:01:24,0,161426,,16,53.7,0x0,173
08:02:24,0,162334,0.044082,16,54.2,0x0,173
08:03:24,0,163234,,15,53.7,0x0,175
08:04:25,0,164142,,16,53.7,0x0,174
08:05:25,0,165043,,16,54.2,0x0,175
08:06:25,0,165944,,16,53.7,0x0,174
08:07:25,0,166851,0.044459,16,54.2,0x0,173
08:08:26,0,167752,,15,54.2,0x0,174
08:09:26,0,168660,,15,53.7,0x0,174
08:10:26,0,169560,,15,54.2,0x0,173
08:11:26,0,170468,,15,53.7,0x0,172
08:12:27,0,171369,0.044644,15,53.7,0x0,172
08:13:27,0,172276,,16,53.7,0x0,171
08:14:27,0,173177,,16,53.7,0x0,170
08:15:28,0,174085,,15,54.2,0x0,170
08:16:28,0,174985,,16,53.7,0x0,170
08:17:28,0,175893,0.043690,16,53.7,0x0,171
08:18:28,0,176794,,16,53.7,0x0,170
08:19:29,0,177701,,16,53.7,0x0,169
08:20:29,0,178602,,16,53.7,0x0,168
08:21:29,0,179511,,16,53.7,0x0,169
08:22:30,0,180410,0.044417,17,53.7,0x0,169
08:23:30,0,181319,,17,54.2,0x0,169
08:24:30,0,182219,,17,54.2,0x0,169
08:25:30,0,183128,,16,53.7,0x0,169
08:26:31,0,184027,,16,54.8,0x0,169
08:27:31,0,184936,0.043890,16,54.2,0x0,170
08:28:31,0,185836,,16,53.7,0x0,170
08:29:32,0,186744,,16,54.2,0x0,171
08:30:32,0,187644,,16,53.7,0x0,171
08:31:32,0,188552,,16,53.7,0x0,171
08:32:32,0,189452,0.045852,15,54.2,0x0,170
08:33:33,0,190361,,16,53.7,0x0,170
08:34:33,0,191261,,17,53.7,0x0,169
08:35:33,0,192169,,17,53.7,0x0,168
08:36:34,0,193069,,16,54.2,0x0,168
08:37:34,0,193978,0.044036,17,54.2,0x0,169
08:38:34,0,194885,,16,53.7,0x0,168
08:39:34,0,195786,,16,53.7,0x0,167
08:40:35,0,196694,,16,54.2,0x0,168
08:41:35,0,197594,,16,54.2,0x0,169
08:42:35,0,198502,0.045659,15,53.7,0x0,168
08:43:36,0,199403,,15,53.7,0x0,168
08:44:36,0,200311,,15,53.7,0x0,169
08:45:36,0,201211,,15,53.7,0x0,169
08:46:37,0,202119,,15,53.7,0x0,169
08:47:37,0,203020,0.044063,16,53.7,0x0,169
08:48:37,0,203927,,16,53.7,0x0,169
08:49:38,0,204835,,16,53.7,0x0,169
08:50:38,0,205736,,15,53.7,0x0,169
08:51:38,0,206643,,16,53.7,0x0,169
08:52:39,0,207544,0.044435,16,53.7,0x0,168
08:53:39,0,208452,,16,53.7,0x0,168
08:54:39,0,209352,,16,54.2,0x0,169
08:55:39,0,210260,,17,53.7,0x0,169
08:56:40,0,211168,,16,53.2,0x0,169
08:57:40,0,212068,0.044488,16,53.7,0x0,169
08:58:41,0,212976,,16,53.7,0x0,168
08:59:41,0,213885,,16,53.7,0x0,168
09:00:41,0,214785,,16,53.7,0x0,168
09:01:41,0,215693,,16,52.6,0x0,169
09:02:42,0,216594,0.043909,16,53.7,0x0,169
09:03:42,0,217502,,16,53.7,0x0,169
09:04:42,0,218409,,15,53.7,0x0,169
09:05:43,0,219310,,15,53.7,0x0,167
09:06:43,0,220218,,16,53.7,0x0,169
09:07:44,0,221118,0.045121,16,52.6,0x0,169
09:08:44,0,222026,,15,53.2,0x0,168
09:09:44,0,222934,,16,53.2,0x0,169
09:10:45,0,223834,,16,52.6,0x0,168
09:11:45,0,224742,,16,52.6,0x0,167
09:12:45,0,225651,0.045229,16,52.6,0x0,167
09:13:46,0,226550,,16,52.6,0x0,167
09:14:46,0,227458,,18,53.7,0x0,168
09:15:46,0,228367,,16,53.7,0x0,168
09:16:47,0,229266,,16,53.7,0x0,169
09:17:47,0,230175,0.043930,16,53.7,0x0,169
09:18:47,0,231076,,15,53.7,0x0,168
09:19:48,0,231983,,16,53.7,0x0,167
09:20:48,0,232891,,17,53.7,0x0,169
09:21:48,0,233792,,17,53.2,0x0,169
09:22:49,0,234700,0.044150,16,53.2,0x0,168
09:23:49,0,235607,,17,53.7,0x0,166
09:24:49,0,236508,,16,53.7,0x0,165
09:25:50,0,237416,,16,53.2,0x0,166
09:26:50,0,238324,,16,53.2,0x0,166
09:27:51,0,239224,0.045194,17,53.7,0x0,166
09:28:51,0,240133,,16,53.7,0x0,167
09:29:51,0,241040,,16,53.7,0x0,167
09:30:52,0,241941,,16,52.6,0x0,167
09:31:52,0,242849,,16,52.6,0x0,167
09:32:52,0,243756,0.045173,16,52.6,0x0,168
09:33:53,0,244657,,15,52.6,0x0,167
09:34:53,0,245565,,15,52.6,0x0,167
09:35:53,0,246472,,17,53.2,0x0,168
09:36:54,0,247373,,16,52.6,0x0,167
09:37:54,0,248281,0.043909,16,52.6,0x0,167
09:38:55,0,249189,,15,52.6,0x0,168
09:39:55,0,250089,,16,53.2,0x0,167
09:40:55,0,250998,,16,52.6,0x0,166
09:41:56,0,251906,,15,53.2,0x0,168
09:42:56,0,252806,0.044231,15,53.2,0x0,168
09:43:56,0,253714,,16,53.2,0x0,168
09:44:57,0,254622,,16,52.6,0x0,166
09:45:57,0,255529,,16,52.6,0x0,166
09:46:58,0,256430,,17,52.6,0x0,166
09:47:58,0,257338,0.044505,16,53.7,0x0,167
09:48:58,0,258246,,16,52.6,0x0,166
09:49:59,0,259154,,16,53.2,0x0,166
09:50:59,0,260055,,16,53.2,0x0,166
09:51:59,0,260962,,16,53.2,0x0,166
09:53:00,0,261870,0.044365,16,53.7,0x0,166
09:54:00,0,262778,,16,53.7,0x0,166
09:55:01,0,263678,,16,53.2,0x0,166
09:56:01,0,264586,,16,53.2,0x0,167
09:57:01,0,265495,,16,53.7,0x0,167
09:58:02,0,266394,0.043941,16,53.7,0x0,166
09:59:02,0,267303,,16,53.7,0x0,166
10:00:03,0,268211,,17,53.7,0x0,165
10:01:03,0,269119,,16,53.7,0x0,165
10:02:03,0,270019,,16,53.7,0x0,165
10:03:04,0,270927,0.043644,16,53.7,0x0,166
10:04:04,0,271835,,16,53.2,0x0,166
10:05:05,0,272743,,16,53.2,0x0,166
10:06:05,0,273644,,16,53.2,0x0,166
10:07:06,0,274552,,17,53.7,0x0,165
10:08:06,0,275459,0.043955,16,53.7,0x0,165
10:09:06,0,276367,,16,54.2,0x0,165
10:10:07,0,277268,,16,53.7,0x0,164
10:11:07,0,278175,,16,53.2,0x0,164
10:12:08,0,279084,,16,53.7,0x0,165
10:13:08,0,279992,0.045623,16,53.7,0x0,165
10:14:08,0,280892,,16,53.7,0x0,164
10:15:09,0,281800,,16,53.7,0x0,165
10:16:09,0,282708,,16,53.7,0x0,165
10:17:10,0,283615,,16,53.2,0x0,165
10:18:10,0,284516,0.044313,16,53.7,0x0,165
10:19:11,0,285424,,15,53.7,0x0,165
10:20:11,0,286333,,16,53.7,0x0,165
10:21:11,0,287240,,16,54.2,0x0,165
10:22:12,0,288148,,15,53.2,0x0,165
10:23:12,0,289049,0.043848,16,53.2,0x0,164
10:24:13,0,289956,,16,53.2,0x0,164
10:25:13,0,290865,,15,53.2,0x0,164
10:26:13,0,291773,,16,53.2,0x0,164
10:27:14,0,292680,,17,52.6,0x0,165
10:28:14,0,293581,0.045444,18,53.7,0x0,166
10:29:15,0,294489,,17,53.7,0x0,166
10:30:15,0,295396,,16,53.7,0x0,166
10:31:16,0,296305,,16,53.2,0x0,165
10:32:16,0,297213,,16,53.2,0x0,165
10:33:17,0,298113,0.044332,16,53.7,0x0,166
10:34:17,0,299021,,15,53.7,0x0,167
10:35:17,0,299929,,16,53.7,0x0,166
10:36:18,0,300836,,16,53.2,0x0,166
10:37:18,0,301745,,16,52.6,0x0,165
10:38:19,0,302646,0.044459,16,53.2,0x0,165
10:39:19,0,303553,,16,52.6,0x0,166
10:40:20,0,304461,,16,52.6,0x0,166
10:41:20,0,305369,,16,53.2,0x0,166
10:42:20,0,306278,,15,53.2,0x0,166
10:43:21,0,307185,0.044025,16,53.7,0x0,166
10:44:21,0,308093,,16,53.7,0x0,164
10:45:22,0,308994,,16,53.7,0x0,164
10:46:22,0,309901,,16,53.7,0x0,164
10:47:23,0,310809,,15,53.7,0x0,164
10:48:23,0,311718,0.043368,17,53.7,0x0,165
10:49:24,0,312625,,16,53.7,0x0,165
10:50:24,0,313533,,17,53.7,0x0,165
10:51:25,0,314434,,16,53.7,0x0,165
10:52:25,0,315341,,16,53.7,0x0,165
10:53:25,0,316250,0.047598,16,53.7,0x0,165
10:54:26,0,317158,,16,53.7,0x0,163
10:55:26,0,318065,,16,53.7,0x0,164
10:56:27,0,318973,,16,53.7,0x0,164
10:57:27,0,319882,,16,53.7,0x0,164
10:58:28,0,320781,0.044783,17,53.7,0x0,165
10:59:28,0,321690,,15,54.2,0x0,164
11:00:29,0,322598,,16,53.7,0x0,164
11:01:29,0,323506,,16,53.7,0x0,165
11:02:30,0,324413,,17,53.7,0x0,165
11:03:30,0,325322,0.044552,18,53.7,0x0,164
11:04:31,0,326230,,18,54.2,0x0,164
11:05:31,0,327137,,16,53.7,0x0,164
11:06:32,0,328045,,15,53.7,0x0,164
11:07:32,0,328946,,16,53.7,0x0,164
11:08:33,0,329853,0.048356,16,53.7,0x0,163
11:09:33,0,330762,,16,54.2,0x0,163
11:10:33,0,331670,,16,53.7,0x0,164
11:11:34,0,332577,,16,53.7,0x0,164
11:12:34,0,333485,,16,53.7,0x0,163
11:13:35,0,334394,0.043974,16,54.2,0x0,163
11:14:35,0,335301,,16,53.7,0x0,164
11:15:36,0,336209,,15,53.7,0x0,164
11:16:36,0,337117,,16,53.7,0x0,164
11:17:37,0,338017,,15,54.2,0x0,164
11:18:37,0,338925,0.044276,16,53.7,0x0,169
11:19:38,0,339834,,16,53.7,0x0,167
11:20:38,0,340741,,16,53.7,0x0,167
11:21:39,0,341649,,16,53.7,0x0,167
11:22:39,0,342558,,16,53.2,0x0,167
11:23:40,0,343466,0.046253,15,53.7,0x0,165
11:24:40,0,344373,,16,53.7,0x0,165
11:25:41,0,345281,,16,53.7,0x0,165
11:26:41,0,346190,,16,53.7,0x0,165
11:27:42,0,347097,,16,53.7,0x0,166
11:28:42,0,348005,0.044365,17,54.2,0x0,165
11:29:43,0,348913,,16,53.7,0x0,163
11:30:43,0,349821,,15,54.2,0x0,163
11:31:44,0,350722,,16,53.7,0x0,163
11:32:44,0,351630,,16,53.7,0x0,164
11:33:45,0,352537,0.046534,16,53.7,0x0,163
11:34:45,0,353445,,16,53.7,0x0,163
11:35:46,0,354354,,16,53.7,0x0,163
11:36:46,0,355261,,16,53.7,0x0,163
11:37:47,0,356169,,16,53.7,0x0,167
11:38:47,0,357077,0.047744,16,53.7,0x0,166
11:39:48,0,357985,,16,53.7,0x0,164
11:40:48,0,358893,,17,53.7,0x0,163
11:41:49,0,359801,,16,54.2,0x0,163
11:42:49,0,360709,,15,54.2,0x0,163
11:43:50,0,361617,0.048130,16,54.2,0x0,162
11:44:50,0,362525,,16,53.7,0x0,162
11:45:51,0,363433,,16,54.2,0x0,163
11:46:51,0,364340,,16,53.7,0x0,163
11:47:52,0,365249,,17,53.7,0x0,164
11:48:53,0,366157,0.044762,17,53.7,0x0,165
11:49:53,0,367064,,16,53.7,0x0,163
11:50:54,0,367973,,16,54.2,0x0,163
11:51:54,0,368881,,16,53.7,0x0,163
11:52:55,0,369788,,17,53.7,0x0,163
11:53:55,0,370696,0.044554,16,54.2,0x0,162
11:54:56,0,371604,,17,53.7,0x0,162
11:55:56,0,372512,,17,53.7,0x0,164
11:56:57,0,373420,,18,53.7,0x0,162
11:57:57,0,374328,,18,53.7,0x0,162
11:58:58,0,375236,0.045161,18,53.7,0x0,162
11:59:58,0,376144,,16,53.7,0x0,162
12:00:59,0,377052,,16,53.2,0x0,162
12:01:59,0,377960,,15,53.2,0x0,161
12:03:00,0,378867,,15,53.2,0x0,162
12:04:01,0,379776,0.043398,15,53.2,0x0,162
12:05:01,0,380684,,16,53.2,0x0,162
12:06:02,0,381591,,16,52.6,0x0,163
12:07:02,0,382500,,16,52.6,0x0,163
12:08:03,0,383408,,16,52.6,0x0,162
12:09:03,0,384315,0.044454,15,52.6,0x0,161
12:10:04,0,385223,,16,53.7,0x0,162
12:11:04,0,386131,,16,53.2,0x0,161
12:12:05,0,387039,,15,53.2,0x0,161
12:13:05,0,387947,,15,52.6,0x0,162
12:14:06,0,388855,0.044193,15,53.2,0x0,162
12:15:07,0,389770,,17,52.6,0x0,162
12:16:07,0,390678,,16,52.6,0x0,162
12:17:08,0,391587,,16,53.2,0x0,162
12:18:08,0,392494,,16,53.2,0x0,161
12:19:09,0,393402,0.044420,16,53.7,0x0,161
12:20:09,0,394311,,16,53.2,0x0,161
12:21:10,0,395218,,16,53.7,0x0,161
12:22:11,0,396126,,16,53.7,0x0,161
12:23:11,0,397034,,16,53.7,0x0,161
12:24:12,0,397943,0.043738,16,53.7,0x0,160
12:25:12,0,398850,,16,53.2,0x0,161
12:26:13,0,399758,,16,54.2,0x0,161
12:27:13,0,400666,,15,53.7,0x0,161
12:28:14,0,401574,,15,53.7,0x0,161
12:29:15,0,402482,0.044370,16,53.7,0x0,163
12:30:15,0,403398,,15,53.7,0x0,162
12:31:16,0,404305,,17,53.7,0x0,163
12:32:16,0,405213,,16,53.7,0x0,163
12:33:17,0,406122,,15,53.7,0x0,163
12:34:17,0,407029,0.043991,16,54.2,0x0,162
12:35:18,0,407937,,16,54.2,0x0,164
12:36:19,0,408845,,16,53.7,0x0,164
12:37:19,0,409752,,16,53.7,0x0,163
12:38:20,0,410668,,15,53.7,0x0,162
12:39:20,0,411577,0.061436,16,53.7,0x0,163
12:40:21,0,412484,,15,53.7,0x0,162
12:41:22,0,413392,,16,53.2,0x0,161
12:42:22,0,414300,,15,53.7,0x0,162
12:43:23,0,415209,,16,53.7,0x0,162
12:44:23,0,416116,0.046588,16,53.2,0x0,162
12:45:24,0,417024,,16,53.7,0x0,163
12:46:24,0,417940,,15,53.7,0x0,163
12:47:25,0,418847,,16,53.7,0x0,164
12:48:26,0,419755,,15,53.7,0x0,163
12:49:26,0,420664,0.044214,16,53.7,0x0,162
12:50:27,0,421571,,16,54.2,0x0,161
12:51:27,0,422479,,16,53.7,0x0,162
12:52:28,0,423388,,16,53.7,0x0,162
12:53:29,0,424295,,16,53.7,0x0,162
12:54:29,0,425203,0.056576,15,53.7,0x0,162
12:55:30,0,426119,,15,53.7,0x0,161
12:56:30,0,427026,,15,53.7,0x0,161
12:57:31,0,427934,,16,54.2,0x0,161
12:58:32,0,428842,,15,53.7,0x0,161
12:59:32,0,429750,0.044669,16,53.7,0x0,161
