t,cpu_pct,load1,temp_c,throttled,memavail_mb
5,35,1.64,45.1,0x0,168
10,23,1.51,45.1,0x0,159
15,20,1.46,45.1,0x0,159
20,20,1.43,45.6,0x0,158
25,19,1.31,45.1,0x0,157
30,20,1.21,45.1,0x0,156
35,19,1.19,44.5,0x0,155
40,20,1.17,45.1,0x0,155
45,20,1.08,45.1,0x0,154
50,19,0.99,45.1,0x0,153
55,20,0.91,45.1,0x0,153
60,19,0.84,45.1,0x0,152
65,21,0.77,45.1,0x0,151
70,21,0.71,45.1,0x0,151
75,18,0.65,45.1,0x0,150
80,21,0.60,45.6,0x0,150
86,20,0.55,45.1,0x0,150
91,20,0.51,45.1,0x0,149
96,21,0.47,46.2,0x0,144
101,19,0.59,45.6,0x0,144
106,20,0.54,45.1,0x0,144
111,20,1.14,46.2,0x0,145
116,19,1.05,45.6,0x0,144
121,20,0.96,45.1,0x0,144
126,20,0.89,45.1,0x0,144
131,19,0.82,45.1,0x0,144
136,20,0.83,45.6,0x0,144
141,20,0.76,45.1,0x0,144
146,19,0.70,45.6,0x0,145
151,20,0.65,45.1,0x0,145
156,20,0.59,45.6,0x0,145
161,19,0.79,45.6,0x0,145
166,20,0.88,45.6,0x0,145
171,19,0.81,45.1,0x0,145
176,19,0.75,45.1,0x0,145
182,19,0.77,46.2,0x0,145
187,20,0.71,45.1,0x0,145
192,19,0.65,45.6,0x0,145
197,20,0.92,45.1,0x0,144
202,19,0.78,45.1,0x0,144
207,19,0.79,45.1,0x0,144
212,19,0.73,45.1,0x0,143
217,20,0.67,45.1,0x0,143
222,19,1.34,45.1,0x0,142
227,20,1.23,45.6,0x0,144
232,19,1.13,45.1,0x0,144
237,19,1.04,45.1,0x0,144
242,20,0.96,45.1,0x0,144
247,21,1.36,45.1,0x0,144
252,20,1.25,45.6,0x0,144
257,19,1.15,45.6,0x0,144
262,20,1.06,45.6,0x0,143
267,21,0.97,45.6,0x0,143
272,19,0.90,45.6,0x0,148
278,20,0.82,45.6,0x0,148
283,19,0.76,45.1,0x0,147
288,19,1.66,45.1,0x0,147
293,19,1.69,45.6,0x0,146
298,19,2.03,45.6,0x0,146
