option,n,wall_s,bytes,note
A,1,0.680670,171336,X-Server-Seconds: 0.051
C,1,0.238093,23751,
A,2,0.539633,172535,X-Server-Seconds: 0.040
C,2,0.195658,23457,
A,3,0.439688,171792,X-Server-Seconds: 0.040
C,3,0.200619,23917,
A,4,0.449601,172732,X-Server-Seconds: 0.038
C,4,0.190638,23887,
A,5,0.887013,172427,X-Server-Seconds: 0.040
C,5,0.192555,23470,
A,6,0.443399,172307,X-Server-Seconds: 0.039
C,6,0.191364,23663,
A,7,0.456566,172460,X-Server-Seconds: 0.039
C,7,0.235450,23564,
A,8,0.440225,172322,X-Server-Seconds: 0.039
C,8,0.193969,23749,
A,clip,2.664456,506370,CircularOutput 10s pre + 2s post
C,clip,,934172,previous completed tee segment
B,clip,,399677,previous completed MediaMTX recording segment (10 s)
B,1,3.318,18900,remote RTSP client over tailnet
B,2,2.951,19061,remote RTSP client over tailnet
B,3,2.967,18906,remote RTSP client over tailnet
B,4,2.970,19005,remote RTSP client over tailnet
B,5,2.966,19078,remote RTSP client over tailnet
B,6,2.972,19133,remote RTSP client over tailnet
B,1,2.04,,remote RTSP client with -probesize 32768 -analyzeduration 0
B,2,2.12,,remote RTSP client with -probesize 32768 -analyzeduration 0
B,3,2.80,,remote RTSP client with -probesize 32768 -analyzeduration 0
B,4,2.12,,remote RTSP client with -probesize 32768 -analyzeduration 0
