option,n,t_utc,wall_s,bytes,note
C,1,06:45:05,0.181541,23838,
B,1,06:45:07,2.79,18813,remote RTSP client
C,2,06:45:13,0.136296,24455,
B,2,06:45:15,2.82,18859,remote RTSP client
C,3,06:45:21,0.150294,24251,
B,3,06:45:23,2.83,18987,remote RTSP client
C,4,06:45:29,0.141506,23501,
B,4,06:45:31,2.77,19015,remote RTSP client
C,5,06:45:36,0.117626,8192,
B,5,06:45:39,2.94,18997,remote RTSP client
C,6,06:45:45,0.140846,24077,
B,6,06:45:47,2.83,18997,remote RTSP client
C,7,06:45:53,0.137207,24282,
B,7,06:45:55,2.77,18994,remote RTSP client
C,8,06:46:00,0.149614,24006,
B,8,06:46:03,2.90,18851,remote RTSP client
A,1,06:46:09,0.602687,190180,X-Server-Seconds: 0.080
A,2,06:46:35,0.514992,190049,X-Server-Seconds: 0.040
A,3,06:47:00,0.504276,189717,X-Server-Seconds: 0.044
A,4,06:47:26,0.548887,190251,X-Server-Seconds: 0.043
A,5,06:47:51,0.505369,190147,X-Server-Seconds: 0.043
A,6,06:48:17,0.567669,189876,X-Server-Seconds: 0.041
A,7,06:48:42,0.521470,189640,X-Server-Seconds: 0.040
A,8,06:49:08,0.514793,188883,X-Server-Seconds: 0.040
A,9,06:49:33,0.563881,189549,X-Server-Seconds: 0.040
A,10,06:49:59,0.544867,189817,X-Server-Seconds: 0.040
A,clip,06:50:02,2.734472,506847,CircularOutput 10s pre + 2s post
A,11,06:50:27,0.522872,189574,X-Server-Seconds: 0.040
A,12,06:50:53,0.669063,189358,X-Server-Seconds: 0.044
A,13,06:51:18,0.516037,189062,X-Server-Seconds: 0.040
A,14,06:51:44,0.561954,189342,X-Server-Seconds: 0.040
A,15,06:52:09,0.512711,189110,X-Server-Seconds: 0.040
A,16,06:52:35,0.539514,189330,X-Server-Seconds: 0.058
A,17,06:53:01,0.535458,188920,X-Server-Seconds: 0.039
A,18,06:53:26,0.540452,189069,X-Server-Seconds: 0.041
A,19,06:53:52,0.514384,189510,X-Server-Seconds: 0.040
A,20,06:54:17,0.542376,189449,X-Server-Seconds: 0.040
A,21,06:54:43,0.517720,188913,X-Server-Seconds: 0.040
A,22,06:55:08,0.517140,189243,X-Server-Seconds: 0.041
A,23,06:55:34,0.557856,189269,X-Server-Seconds: 0.040
A,24,06:55:59,0.525267,189311,X-Server-Seconds: 0.042
A,25,06:56:25,0.514549,189520,X-Server-Seconds: 0.042
A,26,06:56:50,0.523828,189509,X-Server-Seconds: 0.041
A,27,06:57:16,0.511434,188518,X-Server-Seconds: 0.040
A,28,06:57:41,0.512696,189070,X-Server-Seconds: 0.040
A,29,06:58:07,0.546980,189489,X-Server-Seconds: 0.041
A,30,06:58:33,0.519113,189353,X-Server-Seconds: 0.041
A,clip,06:58:35,2.710590,480742,CircularOutput 10s pre + 2s post
A,31,06:59:01,0.514739,189025,X-Server-Seconds: 0.040
A,32,06:59:26,0.509041,189178,X-Server-Seconds: 0.040
A,33,06:59:52,0.518827,189108,X-Server-Seconds: 0.040
A,34,07:00:17,0.523318,188955,X-Server-Seconds: 0.039
A,35,07:00:43,0.505538,189472,X-Server-Seconds: 0.040
A,36,07:01:08,0.522861,189481,X-Server-Seconds: 0.039
A,37,07:01:34,0.532421,189724,X-Server-Seconds: 0.041
A,38,07:02:00,0.540547,189082,X-Server-Seconds: 0.040
A,39,07:02:25,0.503427,189225,X-Server-Seconds: 0.040
A,40,07:02:51,0.540228,189271,X-Server-Seconds: 0.040
A,41,07:03:16,0.510435,189554,X-Server-Seconds: 0.040
A,42,07:03:42,0.672185,189501,X-Server-Seconds: 0.042
A,43,07:04:07,0.521406,189109,X-Server-Seconds: 0.040
A,44,07:04:33,0.554079,189387,X-Server-Seconds: 0.056
A,45,07:04:58,0.521989,189131,X-Server-Seconds: 0.040
