cam,start,end,status
aurora-syyd,2026-09-26T07:41:07Z,,live
aurora-y5hk,2026-09-26T06:49:38Z,,live
aurora-yubw,2026-09-26T06:49:38Z,,live
aurora-ca3u,2026-09-26T06:48:25Z,,live
aurora-yubw,2026-09-26T05:55:13Z,2026-09-26T06:49:20Z,complete
aurora-y5hk,2026-09-26T05:54:47Z,2026-09-26T06:49:19Z,complete
aurora-syyd,2026-09-26T05:54:52Z,2026-09-26T07:40:47Z,complete
aurora-7yvn,2026-09-26T03:01:11Z,,live
aurora-4yz0,2026-09-26T03:01:08Z,,live
aurora-ca3u,2026-09-26T03:01:08Z,2026-09-26T06:48:08Z,complete
aurora-syyd,2026-09-26T03:01:07Z,2026-09-26T05:54:05Z,complete
aurora-yubw,2026-09-26T03:01:07Z,2026-09-26T05:54:56Z,complete
aurora-y5hk,2026-09-26T03:01:08Z,2026-09-26T05:54:30Z,complete
aurora-4yz0,2026-09-25T19:01:09Z,2026-09-26T03:00:50Z,complete
aurora-y5hk,2026-09-25T19:01:11Z,2026-09-26T03:00:49Z,complete
aurora-ca3u,2026-09-25T19:01:10Z,2026-09-26T03:00:49Z,complete
aurora-7yvn,2026-09-25T19:01:09Z,2026-09-26T03:00:51Z,complete
aurora-yubw,2026-09-25T19:01:09Z,2026-09-26T03:00:49Z,complete
aurora-syyd,2026-09-25T19:01:09Z,2026-09-26T03:00:49Z,complete
aurora-syyd,2026-09-25T11:01:41Z,2026-09-25T19:00:50Z,complete
aurora-y5hk,2026-09-25T11:01:10Z,2026-09-25T19:00:51Z,complete
aurora-yubw,2026-09-25T11:01:10Z,2026-09-25T19:00:50Z,complete
aurora-7yvn,2026-09-25T11:01:10Z,2026-09-25T19:00:51Z,complete
aurora-ca3u,2026-09-25T11:01:08Z,2026-09-25T19:00:50Z,complete
aurora-4yz0,2026-09-25T11:01:08Z,2026-09-25T19:00:50Z,complete
aurora-4yz0,2026-09-25T06:47:15Z,2026-09-25T11:00:50Z,complete
aurora-syyd,2026-09-25T06:01:41Z,2026-09-25T11:01:23Z,complete
aurora-ca3u,2026-09-25T03:01:11Z,2026-09-25T11:00:50Z,complete
aurora-yubw,2026-09-25T03:01:09Z,2026-09-25T11:00:51Z,complete
aurora-y5hk,2026-09-25T03:01:09Z,2026-09-25T11:00:52Z,complete
aurora-4yz0,2026-09-25T03:01:08Z,2026-09-25T06:46:56Z,complete
aurora-7yvn,2026-09-25T03:01:11Z,2026-09-25T11:00:50Z,complete
aurora-syyd,2026-09-24T19:03:03Z,2026-09-24T19:31:46Z,complete
aurora-4yz0,2026-09-24T19:01:11Z,2026-09-25T03:00:50Z,complete
aurora-yubw,2026-09-24T19:01:09Z,2026-09-25T03:00:49Z,complete
aurora-ca3u,2026-09-24T19:01:10Z,2026-09-25T03:00:50Z,complete
aurora-y5hk,2026-09-24T19:01:10Z,2026-09-25T03:00:50Z,complete
aurora-7yvn,2026-09-24T19:01:09Z,2026-09-25T03:00:49Z,complete
aurora-syyd,2026-09-24T11:01:40Z,2026-09-24T19:02:43Z,complete
aurora-7yvn,2026-09-24T11:01:09Z,2026-09-24T19:00:50Z,complete
aurora-yubw,2026-09-24T11:01:08Z,2026-09-24T19:00:50Z,complete
aurora-y5hk,2026-09-24T11:01:08Z,2026-09-24T19:00:50Z,complete
aurora-4yz0,2026-09-24T11:01:08Z,2026-09-24T19:00:50Z,complete
aurora-ca3u,2026-09-24T11:01:08Z,2026-09-24T19:00:50Z,complete
aurora-syyd,2026-09-24T03:02:35Z,2026-09-24T03:35:25Z,complete
aurora-yubw,2026-09-24T03:01:10Z,2026-09-24T11:00:49Z,complete
aurora-4yz0,2026-09-24T03:01:09Z,2026-09-24T11:00:50Z,complete
aurora-7yvn,2026-09-24T03:01:08Z,2026-09-24T11:00:50Z,complete
aurora-ca3u,2026-09-24T03:01:09Z,2026-09-24T11:00:49Z,complete
aurora-y5hk,2026-09-24T03:01:09Z,2026-09-24T11:00:50Z,complete
aurora-7yvn,2026-09-23T19:01:11Z,2026-09-24T03:00:49Z,complete
aurora-4yz0,2026-09-23T19:01:10Z,2026-09-24T03:00:51Z,complete
aurora-syyd,2026-09-23T19:01:09Z,2026-09-24T03:02:15Z,complete
aurora-y5hk,2026-09-23T19:01:08Z,2026-09-24T03:00:49Z,complete
aurora-yubw,2026-09-23T19:01:09Z,2026-09-24T03:00:50Z,complete
aurora-ca3u,2026-09-23T19:01:08Z,2026-09-24T03:00:49Z,complete
aurora-syyd,2026-09-23T11:01:42Z,2026-09-23T19:00:50Z,complete
aurora-4yz0,2026-09-23T11:01:10Z,2026-09-23T19:00:50Z,complete
aurora-ca3u,2026-09-23T11:01:11Z,2026-09-23T19:00:49Z,complete
aurora-7yvn,2026-09-23T11:01:08Z,2026-09-23T19:00:50Z,complete
aurora-yubw,2026-09-23T11:01:08Z,2026-09-23T19:00:50Z,complete
aurora-y5hk,2026-09-23T11:01:08Z,2026-09-23T19:00:50Z,complete
aurora-syyd,2026-09-23T05:35:35Z,2026-09-23T11:01:23Z,complete
aurora-syyd,2026-09-23T03:01:43Z,2026-09-23T05:35:17Z,complete
aurora-ca3u,2026-09-23T03:01:10Z,2026-09-23T11:00:50Z,complete
aurora-4yz0,2026-09-23T03:01:10Z,2026-09-23T11:00:51Z,complete
aurora-yubw,2026-09-23T03:01:10Z,2026-09-23T11:00:50Z,complete
aurora-7yvn,2026-09-23T03:01:08Z,2026-09-23T11:00:50Z,complete
aurora-y5hk,2026-09-23T03:01:09Z,2026-09-23T11:00:50Z,complete
aurora-y5hk,2026-09-22T19:01:09Z,2026-09-23T03:00:50Z,complete
aurora-ca3u,2026-09-22T19:01:09Z,2026-09-23T03:00:50Z,complete
aurora-syyd,2026-09-22T19:01:10Z,2026-09-22T19:19:33Z,complete
aurora-yubw,2026-09-22T19:01:08Z,2026-09-23T03:00:50Z,complete
aurora-4yz0,2026-09-22T19:01:08Z,2026-09-23T03:00:50Z,complete
aurora-7yvn,2026-09-22T19:01:07Z,2026-09-23T03:00:50Z,complete
aurora-syyd,2026-09-22T15:06:37Z,2026-09-22T19:00:49Z,complete
aurora-syyd,2026-09-22T11:02:41Z,2026-09-22T15:06:15Z,complete
aurora-7yvn,2026-09-22T11:01:58Z,2026-09-22T19:00:49Z,complete
aurora-y5hk,2026-09-22T11:01:10Z,2026-09-22T19:00:50Z,complete
aurora-yubw,2026-09-22T11:01:08Z,2026-09-22T19:00:50Z,complete
aurora-ca3u,2026-09-22T11:01:08Z,2026-09-22T19:00:50Z,complete
aurora-7yvn,,,ready
aurora-4yz0,2026-09-22T11:01:07Z,2026-09-22T19:00:49Z,complete
aurora-syyd,2026-09-22T08:36:29Z,2026-09-22T11:02:23Z,complete
aurora-syyd,2026-09-22T03:16:31Z,2026-09-22T08:36:10Z,complete
aurora-y5hk,2026-09-22T03:01:08Z,2026-09-22T11:00:50Z,complete
aurora-4yz0,2026-09-22T03:01:10Z,2026-09-22T11:00:49Z,complete
aurora-yubw,2026-09-22T03:01:08Z,2026-09-22T11:00:50Z,complete
aurora-7yvn,2026-09-22T03:01:09Z,2026-09-22T11:00:50Z,complete
aurora-ca3u,2026-09-22T03:01:07Z,2026-09-22T11:00:50Z,complete
aurora-syyd,2026-09-21T19:02:31Z,2026-09-22T03:16:11Z,complete
aurora-y5hk,2026-09-21T19:01:09Z,2026-09-22T03:00:49Z,complete
aurora-ca3u,2026-09-21T19:01:09Z,2026-09-22T03:00:49Z,complete
aurora-4yz0,2026-09-21T19:01:08Z,2026-09-22T03:00:50Z,complete
aurora-yubw,2026-09-21T19:01:07Z,2026-09-22T03:00:49Z,complete
aurora-7yvn,2026-09-21T19:01:07Z,2026-09-22T03:00:49Z,complete
aurora-syyd,2026-09-21T17:58:23Z,2026-09-21T19:02:13Z,complete
aurora-syyd,2026-09-21T12:56:46Z,2026-09-21T17:58:03Z,complete
aurora-syyd,2026-09-21T11:01:10Z,2026-09-21T12:56:28Z,complete
aurora-ca3u,2026-09-21T11:01:10Z,2026-09-21T19:00:50Z,complete
aurora-yubw,2026-09-21T11:01:08Z,2026-09-21T19:00:50Z,complete
aurora-7yvn,2026-09-21T11:01:09Z,2026-09-21T19:00:49Z,complete
aurora-y5hk,2026-09-21T11:01:08Z,2026-09-21T19:00:50Z,complete
aurora-4yz0,2026-09-21T11:01:08Z,2026-09-21T19:00:50Z,complete
aurora-syyd,2026-09-21T05:17:38Z,2026-09-21T11:00:51Z,complete
aurora-ca3u,2026-09-21T03:01:09Z,2026-09-21T11:00:51Z,complete
aurora-yubw,2026-09-21T03:01:08Z,2026-09-21T11:00:51Z,complete
aurora-7yvn,2026-09-21T03:01:08Z,2026-09-21T11:00:50Z,complete
aurora-4yz0,2026-09-21T03:01:07Z,2026-09-21T11:00:50Z,complete
aurora-y5hk,2026-09-21T03:01:07Z,2026-09-21T11:00:50Z,complete
aurora-syyd,2026-09-20T19:01:39Z,2026-09-20T19:12:50Z,complete
aurora-y5hk,2026-09-20T19:01:09Z,2026-09-21T03:00:49Z,complete
aurora-7yvn,2026-09-20T19:01:10Z,2026-09-21T03:00:50Z,complete
aurora-ca3u,2026-09-20T19:01:08Z,2026-09-21T03:00:50Z,complete
aurora-4yz0,2026-09-20T19:01:08Z,2026-09-21T03:00:49Z,complete
aurora-yubw,2026-09-20T19:01:08Z,2026-09-21T03:00:50Z,complete
aurora-syyd,2026-09-20T11:06:32Z,2026-09-20T11:17:33Z,complete
aurora-ca3u,2026-09-20T11:01:14Z,2026-09-20T19:00:50Z,complete
aurora-7yvn,2026-09-20T11:01:08Z,2026-09-20T19:00:51Z,complete
aurora-yubw,2026-09-20T11:01:08Z,2026-09-20T19:00:50Z,complete
aurora-y5hk,2026-09-20T11:01:11Z,2026-09-20T19:00:51Z,complete
aurora-4yz0,2026-09-20T11:01:10Z,2026-09-20T19:00:50Z,complete
aurora-syyd,2026-09-20T03:02:36Z,2026-09-20T03:12:29Z,complete
aurora-4yz0,2026-09-20T03:01:09Z,2026-09-20T11:00:49Z,complete
aurora-ca3u,2026-09-20T03:01:08Z,2026-09-20T11:00:55Z,complete
aurora-7yvn,2026-09-20T03:01:09Z,2026-09-20T11:00:50Z,complete
aurora-yubw,2026-09-20T03:01:07Z,2026-09-20T11:00:50Z,complete
aurora-y5hk,2026-09-20T03:01:08Z,2026-09-20T11:00:50Z,complete
aurora-y5hk,2026-09-19T19:03:01Z,2026-09-20T03:00:49Z,complete
aurora-y5hk,2026-09-19T19:01:15Z,2026-09-19T19:02:05Z,complete
aurora-yubw,2026-09-19T19:01:10Z,2026-09-20T03:00:50Z,complete
aurora-syyd,2026-09-19T19:01:09Z,2026-09-20T03:02:17Z,complete
aurora-7yvn,2026-09-19T19:01:10Z,2026-09-20T03:00:50Z,complete
aurora-4yz0,2026-09-19T19:01:09Z,2026-09-20T03:00:51Z,complete
aurora-ca3u,2026-09-19T19:01:07Z,2026-09-20T03:00:50Z,complete
aurora-syyd,2026-09-19T17:06:03Z,2026-09-19T19:00:50Z,complete
aurora-syyd,2026-09-19T11:01:40Z,2026-09-19T17:05:43Z,complete
aurora-4yz0,2026-09-19T11:01:09Z,2026-09-19T19:00:49Z,complete
aurora-7yvn,2026-09-19T11:01:10Z,2026-09-19T19:00:50Z,complete
aurora-ca3u,2026-09-19T11:01:08Z,2026-09-19T19:00:49Z,complete
aurora-yubw,2026-09-19T11:01:09Z,2026-09-19T19:00:50Z,complete
aurora-y5hk,2026-09-19T11:01:08Z,2026-09-19T19:00:56Z,complete
aurora-7yvn,2026-09-19T03:01:10Z,2026-09-19T11:00:50Z,complete
aurora-syyd,2026-09-19T03:01:09Z,2026-09-19T11:01:22Z,complete
aurora-yubw,2026-09-19T03:01:09Z,2026-09-19T11:00:49Z,complete
aurora-4yz0,2026-09-19T03:01:08Z,2026-09-19T11:00:51Z,complete
aurora-y5hk,2026-09-19T03:01:07Z,2026-09-19T11:00:49Z,complete
aurora-ca3u,2026-09-19T03:01:10Z,2026-09-19T11:00:50Z,complete
aurora-syyd,2026-09-19T01:44:00Z,2026-09-19T03:00:51Z,complete
aurora-ca3u,2026-09-18T19:05:56Z,2026-09-19T03:00:49Z,complete
aurora-syyd,2026-09-18T19:01:13Z,2026-09-19T01:43:42Z,complete
aurora-yubw,2026-09-18T19:01:09Z,2026-09-19T03:00:50Z,complete
aurora-7yvn,2026-09-18T19:01:11Z,2026-09-19T03:00:50Z,complete
aurora-4yz0,2026-09-18T19:01:09Z,2026-09-19T03:00:49Z,complete
aurora-y5hk,2026-09-18T19:01:08Z,2026-09-19T03:00:49Z,complete
aurora-syyd,2026-09-18T13:32:47Z,2026-09-18T19:00:52Z,complete
aurora-syyd,2026-09-18T11:16:30Z,2026-09-18T13:32:26Z,complete
aurora-yubw,2026-09-18T11:01:10Z,2026-09-18T19:00:51Z,complete
aurora-7yvn,2026-09-18T11:01:10Z,2026-09-18T19:00:50Z,complete
aurora-y5hk,2026-09-18T11:01:10Z,2026-09-18T19:00:50Z,complete
aurora-4yz0,2026-09-18T11:01:08Z,2026-09-18T19:00:50Z,complete
aurora-ca3u,2026-09-18T11:01:08Z,2026-09-18T19:05:38Z,complete
aurora-ca3u,2026-09-18T03:01:10Z,2026-09-18T11:00:50Z,complete
aurora-7yvn,2026-09-18T03:01:09Z,2026-09-18T11:00:50Z,complete
aurora-syyd,2026-09-18T03:01:08Z,2026-09-18T03:46:53Z,complete
aurora-4yz0,2026-09-18T03:01:09Z,2026-09-18T11:00:50Z,complete
aurora-yubw,2026-09-18T03:01:08Z,2026-09-18T11:00:50Z,complete
aurora-y5hk,2026-09-18T03:01:08Z,2026-09-18T11:00:50Z,complete
aurora-syyd,2026-09-17T19:02:31Z,2026-09-17T19:24:37Z,complete
aurora-ca3u,2026-09-17T19:01:08Z,2026-09-18T03:00:51Z,complete
aurora-7yvn,2026-09-17T19:01:09Z,2026-09-18T03:00:51Z,complete
aurora-4yz0,2026-09-17T19:01:09Z,2026-09-18T03:00:50Z,complete
aurora-y5hk,2026-09-17T19:01:08Z,2026-09-18T03:00:49Z,complete
aurora-yubw,2026-09-17T19:01:08Z,2026-09-18T03:00:49Z,complete
aurora-syyd,2026-09-17T17:42:37Z,2026-09-17T19:02:12Z,complete
aurora-syyd,2026-09-17T11:02:35Z,2026-09-17T17:42:17Z,complete
aurora-7yvn,2026-09-17T11:01:10Z,2026-09-17T19:00:50Z,complete
aurora-y5hk,2026-09-17T11:01:09Z,2026-09-17T19:00:49Z,complete
aurora-ca3u,2026-09-17T11:01:08Z,2026-09-17T19:00:50Z,complete
aurora-4yz0,2026-09-17T11:01:07Z,2026-09-17T19:00:50Z,complete
aurora-yubw,2026-09-17T11:01:07Z,2026-09-17T19:00:50Z,complete
aurora-syyd,2026-09-17T10:26:53Z,2026-09-17T11:02:16Z,complete
aurora-ca3u,2026-09-17T03:01:11Z,2026-09-17T11:00:49Z,complete
aurora-yubw,2026-09-17T03:01:08Z,2026-09-17T11:00:49Z,complete
aurora-7yvn,2026-09-17T03:01:08Z,2026-09-17T11:00:51Z,complete
aurora-4yz0,2026-09-17T03:01:09Z,2026-09-17T11:00:49Z,complete
aurora-syyd,2026-09-17T03:01:08Z,2026-09-17T03:47:43Z,complete
aurora-y5hk,2026-09-17T03:01:08Z,2026-09-17T11:00:50Z,complete
aurora-syyd,2026-09-16T19:04:27Z,2026-09-16T19:58:06Z,complete
aurora-yubw,2026-09-16T19:01:11Z,2026-09-17T03:00:50Z,complete
aurora-7yvn,2026-09-16T19:01:08Z,2026-09-17T03:00:49Z,complete
aurora-4yz0,2026-09-16T19:01:09Z,2026-09-17T03:00:50Z,complete
aurora-ca3u,2026-09-16T19:01:08Z,2026-09-17T03:00:50Z,complete
aurora-y5hk,2026-09-16T19:01:08Z,2026-09-17T03:00:49Z,complete
aurora-syyd,2026-09-16T11:16:29Z,2026-09-16T11:46:31Z,complete
aurora-ca3u,2026-09-16T11:01:09Z,2026-09-16T19:00:50Z,complete
aurora-y5hk,2026-09-16T11:01:09Z,2026-09-16T19:00:50Z,complete
aurora-7yvn,2026-09-16T11:01:08Z,2026-09-16T19:00:50Z,complete
aurora-4yz0,2026-09-16T11:01:08Z,2026-09-16T19:00:50Z,complete
aurora-yubw,2026-09-16T11:01:10Z,2026-09-16T19:00:50Z,complete
aurora-yubw,2026-09-16T03:01:08Z,2026-09-16T11:00:49Z,complete
aurora-7yvn,2026-09-16T03:01:09Z,2026-09-16T11:00:49Z,complete
aurora-syyd,2026-09-16T03:01:09Z,2026-09-16T04:25:45Z,complete
aurora-y5hk,2026-09-16T03:01:09Z,2026-09-16T11:00:50Z,complete
aurora-ca3u,2026-09-16T03:01:08Z,2026-09-16T11:00:50Z,complete
aurora-4yz0,2026-09-16T03:01:07Z,2026-09-16T11:00:49Z,complete
aurora-syyd,2026-09-15T19:02:31Z,2026-09-15T19:32:32Z,complete
aurora-ca3u,2026-09-15T19:01:09Z,2026-09-16T03:00:49Z,complete
aurora-7yvn,2026-09-15T19:01:10Z,2026-09-16T03:00:49Z,complete
aurora-yubw,2026-09-15T19:01:09Z,2026-09-16T03:00:50Z,complete
aurora-y5hk,2026-09-15T19:01:09Z,2026-09-16T03:00:50Z,complete
aurora-4yz0,2026-09-15T19:01:08Z,2026-09-16T03:00:49Z,complete
aurora-syyd,2026-09-15T17:21:26Z,2026-09-15T19:02:12Z,complete
aurora-syyd,2026-09-15T14:02:48Z,2026-09-15T17:21:08Z,complete
aurora-syyd,2026-09-15T11:01:40Z,2026-09-15T14:02:28Z,complete
aurora-7yvn,2026-09-15T11:01:09Z,2026-09-15T19:00:51Z,complete
aurora-4yz0,2026-09-15T11:01:10Z,2026-09-15T19:00:50Z,complete
aurora-yubw,2026-09-15T11:01:09Z,2026-09-15T19:00:50Z,complete
aurora-ca3u,2026-09-15T11:01:08Z,2026-09-15T19:00:51Z,complete
aurora-y5hk,2026-09-15T11:01:09Z,2026-09-15T19:00:50Z,complete
aurora-syyd,2026-09-15T03:02:32Z,2026-09-15T04:27:08Z,complete
aurora-4yz0,2026-09-15T03:01:09Z,2026-09-15T11:00:51Z,complete
aurora-ca3u,2026-09-15T03:01:08Z,2026-09-15T11:00:49Z,complete
aurora-yubw,2026-09-15T03:01:09Z,2026-09-15T11:00:49Z,complete
aurora-7yvn,2026-09-15T03:01:08Z,2026-09-15T11:00:50Z,complete
aurora-y5hk,2026-09-15T03:01:09Z,2026-09-15T11:00:49Z,complete
aurora-syyd,2026-09-15T01:43:58Z,2026-09-15T03:02:14Z,complete
aurora-syyd,2026-09-14T19:01:40Z,2026-09-15T01:43:39Z,complete
aurora-4yz0,2026-09-14T19:01:10Z,2026-09-15T03:00:50Z,complete
aurora-y5hk,2026-09-14T19:01:09Z,2026-09-15T03:00:49Z,complete
aurora-yubw,2026-09-14T19:01:09Z,2026-09-15T03:00:50Z,complete
aurora-7yvn,2026-09-14T19:01:12Z,2026-09-15T03:00:50Z,complete
aurora-ca3u,2026-09-14T19:01:10Z,2026-09-15T03:00:50Z,complete
aurora-y5hk,2026-09-14T11:01:11Z,2026-09-14T19:00:50Z,complete
aurora-yubw,2026-09-14T11:01:09Z,2026-09-14T19:00:50Z,complete
aurora-ca3u,2026-09-14T11:01:08Z,2026-09-14T19:00:50Z,complete
aurora-7yvn,2026-09-14T11:01:08Z,2026-09-14T19:00:50Z,complete
aurora-4yz0,2026-09-14T11:01:09Z,2026-09-14T19:00:51Z,complete
aurora-syyd,2026-09-14T11:01:08Z,2026-09-14T19:01:22Z,complete
aurora-yubw,2026-09-14T03:01:10Z,2026-09-14T11:00:51Z,complete
aurora-ca3u,2026-09-14T03:01:09Z,2026-09-14T11:00:51Z,complete
aurora-y5hk,2026-09-14T03:01:09Z,2026-09-14T11:00:51Z,complete
aurora-4yz0,2026-09-14T03:01:09Z,2026-09-14T11:00:49Z,complete
aurora-7yvn,2026-09-14T03:01:10Z,2026-09-14T11:00:51Z,complete
aurora-syyd,2026-09-14T03:01:08Z,2026-09-14T11:00:21Z,complete
aurora-syyd,2026-09-13T19:02:30Z,2026-09-14T03:00:50Z,complete
aurora-4yz0,2026-09-13T19:01:09Z,2026-09-14T03:00:50Z,complete
aurora-ca3u,2026-09-13T19:01:09Z,2026-09-14T03:00:51Z,complete
aurora-yubw,2026-09-13T19:01:09Z,2026-09-14T03:00:51Z,complete
aurora-y5hk,2026-09-13T19:01:08Z,2026-09-14T03:00:50Z,complete
aurora-7yvn,2026-09-13T19:01:08Z,2026-09-14T03:00:51Z,complete
aurora-yubw,2026-09-13T11:01:10Z,2026-09-13T19:00:50Z,complete
aurora-syyd,2026-09-13T11:01:10Z,2026-09-13T19:02:12Z,complete
aurora-y5hk,2026-09-13T11:01:10Z,2026-09-13T19:00:50Z,complete
aurora-7yvn,2026-09-13T11:01:10Z,2026-09-13T19:00:50Z,complete
aurora-4yz0,2026-09-13T11:01:08Z,2026-09-13T19:00:50Z,complete
aurora-ca3u,2026-09-13T11:01:08Z,2026-09-13T19:00:50Z,complete
aurora-4yz0,2026-09-13T03:01:09Z,2026-09-13T11:00:50Z,complete
aurora-ca3u,2026-09-13T03:01:09Z,2026-09-13T11:00:16Z,complete
aurora-y5hk,2026-09-13T03:01:09Z,2026-09-13T11:00:50Z,complete
aurora-7yvn,2026-09-13T03:01:07Z,2026-09-13T11:00:50Z,complete
aurora-syyd,2026-09-13T03:01:09Z,2026-09-13T11:00:51Z,complete
aurora-yubw,2026-09-13T03:01:09Z,2026-09-13T11:00:52Z,complete
aurora-syyd,2026-09-12T22:03:59Z,2026-09-13T03:00:49Z,complete
aurora-syyd,2026-09-12T19:02:52Z,2026-09-12T22:03:40Z,complete
aurora-ca3u,2026-09-12T19:01:22Z,2026-09-13T03:00:50Z,complete
aurora-yubw,2026-09-12T19:01:09Z,2026-09-13T03:00:50Z,complete
aurora-7yvn,2026-09-12T19:01:08Z,2026-09-13T03:00:50Z,complete
aurora-4yz0,2026-09-12T19:01:07Z,2026-09-13T03:00:51Z,complete
aurora-y5hk,2026-09-12T19:01:08Z,2026-09-13T03:00:50Z,complete
aurora-syyd,2026-09-12T11:01:08Z,2026-09-12T19:02:34Z,complete
aurora-4yz0,2026-09-12T11:01:08Z,2026-09-12T19:00:50Z,complete
aurora-7yvn,2026-09-12T11:01:09Z,2026-09-12T19:00:50Z,complete
aurora-y5hk,2026-09-12T11:01:08Z,2026-09-12T19:00:50Z,complete
aurora-yubw,2026-09-12T11:01:07Z,2026-09-12T19:00:50Z,complete
aurora-ca3u,2026-09-12T11:01:09Z,2026-09-12T19:00:50Z,complete
aurora-syyd,2026-09-12T06:01:37Z,2026-09-12T11:00:51Z,complete
aurora-syyd,2026-09-12T03:01:10Z,2026-09-12T06:01:18Z,complete
aurora-4yz0,2026-09-12T03:01:09Z,2026-09-12T11:00:50Z,complete
aurora-ca3u,2026-09-12T03:01:08Z,2026-09-12T11:00:49Z,complete
aurora-7yvn,2026-09-12T03:01:08Z,2026-09-12T11:00:49Z,complete
aurora-y5hk,2026-09-12T03:01:07Z,2026-09-12T11:00:50Z,complete
aurora-yubw,2026-09-12T03:01:08Z,2026-09-12T11:00:49Z,complete
aurora-syyd,2026-09-11T22:26:19Z,2026-09-12T03:00:52Z,complete
aurora-yubw,2026-09-11T19:01:09Z,2026-09-12T03:00:49Z,complete
aurora-ca3u,2026-09-11T19:01:09Z,2026-09-12T03:00:49Z,complete
aurora-7yvn,2026-09-11T19:01:08Z,2026-09-12T03:00:49Z,complete
aurora-4yz0,2026-09-11T19:01:09Z,2026-09-12T03:00:50Z,complete
aurora-y5hk,2026-09-11T19:01:09Z,2026-09-12T03:00:49Z,complete
aurora-syyd,2026-09-11T11:05:02Z,2026-09-11T14:04:44Z,complete
aurora-ca3u,2026-09-11T11:01:09Z,2026-09-11T19:00:50Z,complete
aurora-yubw,2026-09-11T11:01:08Z,2026-09-11T19:00:51Z,complete
aurora-y5hk,2026-09-11T11:01:08Z,2026-09-11T19:00:50Z,complete
aurora-4yz0,2026-09-11T11:01:08Z,2026-09-11T19:00:50Z,complete
aurora-7yvn,2026-09-11T11:01:08Z,2026-09-11T19:00:50Z,complete
aurora-syyd,2026-09-11T03:01:40Z,2026-09-11T04:30:32Z,complete
aurora-yubw,2026-09-11T03:01:11Z,2026-09-11T11:00:50Z,complete
aurora-4yz0,2026-09-11T03:01:09Z,2026-09-11T11:00:50Z,complete
aurora-7yvn,2026-09-11T03:01:08Z,2026-09-11T11:00:49Z,complete
aurora-y5hk,2026-09-11T03:01:11Z,2026-09-11T11:00:50Z,complete
aurora-ca3u,2026-09-11T03:01:09Z,2026-09-11T11:00:50Z,complete
aurora-syyd,2026-09-10T22:02:02Z,2026-09-11T03:01:22Z,complete
aurora-syyd,2026-09-10T19:01:10Z,2026-09-10T22:01:43Z,complete
aurora-yubw,2026-09-10T19:01:11Z,2026-09-11T03:00:50Z,complete
aurora-ca3u,2026-09-10T19:01:10Z,2026-09-11T03:00:49Z,complete
aurora-4yz0,2026-09-10T19:01:08Z,2026-09-11T03:00:50Z,complete
aurora-7yvn,2026-09-10T19:01:08Z,2026-09-11T03:00:50Z,complete
aurora-y5hk,2026-09-10T19:01:09Z,2026-09-11T03:00:50Z,complete
aurora-syyd,2026-09-10T16:23:11Z,2026-09-10T19:00:51Z,complete
aurora-syyd,2026-09-10T11:02:38Z,2026-09-10T16:22:52Z,complete
aurora-ca3u,2026-09-10T11:01:08Z,2026-09-10T19:00:51Z,complete
aurora-y5hk,2026-09-10T11:01:10Z,2026-09-10T19:00:50Z,complete
aurora-7yvn,2026-09-10T11:01:09Z,2026-09-10T19:00:49Z,complete
aurora-yubw,2026-09-10T11:01:08Z,2026-09-10T19:00:51Z,complete
aurora-4yz0,2026-09-10T11:01:08Z,2026-09-10T19:00:50Z,complete
aurora-syyd,2026-09-10T06:01:51Z,2026-09-10T11:02:19Z,complete
aurora-ca3u,2026-09-10T03:01:10Z,2026-09-10T11:00:51Z,complete
aurora-7yvn,2026-09-10T03:01:08Z,2026-09-10T11:00:50Z,complete
aurora-4yz0,2026-09-10T03:01:08Z,2026-09-10T11:00:49Z,complete
aurora-yubw,2026-09-10T03:01:09Z,2026-09-10T11:00:50Z,complete
aurora-y5hk,2026-09-10T03:01:10Z,2026-09-10T11:00:50Z,complete
aurora-syyd,2026-09-09T19:02:31Z,2026-09-09T20:23:01Z,complete
aurora-ca3u,2026-09-09T19:01:10Z,2026-09-10T03:00:50Z,complete
aurora-4yz0,2026-09-09T19:01:10Z,2026-09-10T03:00:50Z,complete
aurora-yubw,2026-09-09T19:01:11Z,2026-09-10T03:00:49Z,complete
aurora-y5hk,2026-09-09T19:01:09Z,2026-09-10T03:00:50Z,complete
aurora-7yvn,2026-09-09T19:01:08Z,2026-09-10T03:00:50Z,complete
aurora-syyd,2026-09-09T11:01:40Z,2026-09-09T19:02:14Z,complete
aurora-7yvn,2026-09-09T11:01:15Z,2026-09-09T19:00:50Z,complete
aurora-ca3u,2026-09-09T11:01:11Z,2026-09-09T19:00:51Z,complete
aurora-4yz0,2026-09-09T11:01:10Z,2026-09-09T19:00:51Z,complete
aurora-y5hk,2026-09-09T11:01:10Z,2026-09-09T19:00:50Z,complete
aurora-yubw,2026-09-09T11:01:08Z,2026-09-09T19:00:50Z,complete
aurora-syyd,2026-09-09T03:02:35Z,2026-09-09T03:59:58Z,complete
aurora-7yvn,2026-09-09T03:01:10Z,2026-09-09T11:00:50Z,complete
aurora-ca3u,2026-09-09T03:01:09Z,2026-09-09T11:00:50Z,complete
aurora-y5hk,2026-09-09T03:01:07Z,2026-09-09T11:00:50Z,complete
aurora-4yz0,2026-09-09T03:01:08Z,2026-09-09T11:00:50Z,complete
aurora-yubw,2026-09-09T03:01:08Z,2026-09-09T11:00:50Z,complete
aurora-syyd,2026-09-09T01:53:11Z,2026-09-09T03:02:16Z,complete
aurora-syyd,2026-09-08T19:02:37Z,2026-09-08T19:11:56Z,complete
aurora-ca3u,2026-09-08T19:01:12Z,2026-09-09T03:00:52Z,complete
aurora-yubw,2026-09-08T19:01:08Z,2026-09-09T03:00:49Z,complete
aurora-7yvn,2026-09-08T19:01:08Z,2026-09-09T03:00:51Z,complete
aurora-4yz0,2026-09-08T19:01:09Z,2026-09-09T03:00:49Z,complete
aurora-y5hk,2026-09-08T19:01:08Z,2026-09-09T03:00:50Z,complete
aurora-syyd,2026-09-08T18:05:16Z,2026-09-08T19:02:19Z,complete
aurora-syyd,2026-09-08T11:02:29Z,2026-09-08T18:04:56Z,complete
aurora-yubw,2026-09-08T11:01:10Z,2026-09-08T19:00:50Z,complete
aurora-4yz0,2026-09-08T11:01:09Z,2026-09-08T19:00:49Z,complete
aurora-ca3u,2026-09-08T11:01:09Z,2026-09-08T19:00:51Z,complete
aurora-7yvn,2026-09-08T11:01:09Z,2026-09-08T19:00:50Z,complete
aurora-y5hk,2026-09-08T11:01:08Z,2026-09-08T19:00:50Z,complete
aurora-syyd,2026-09-08T03:01:40Z,2026-09-08T11:02:10Z,complete
aurora-4yz0,2026-09-08T03:01:09Z,2026-09-08T11:00:50Z,complete
aurora-yubw,2026-09-08T03:01:07Z,2026-09-08T11:00:51Z,complete
aurora-y5hk,2026-09-08T03:01:07Z,2026-09-08T11:00:50Z,complete
aurora-7yvn,2026-09-08T03:01:08Z,2026-09-08T11:00:50Z,complete
aurora-ca3u,2026-09-08T03:01:08Z,2026-09-08T11:00:50Z,complete
aurora-syyd,2026-09-07T19:05:03Z,2026-09-07T20:42:38Z,complete
aurora-ca3u,2026-09-07T19:01:09Z,2026-09-08T03:00:49Z,complete
aurora-7yvn,2026-09-07T19:01:10Z,2026-09-08T03:00:49Z,complete
aurora-4yz0,2026-09-07T19:01:08Z,2026-09-08T03:00:51Z,complete
aurora-y5hk,2026-09-07T19:01:08Z,2026-09-08T03:00:49Z,complete
aurora-yubw,2026-09-07T19:01:08Z,2026-09-08T03:00:49Z,complete
aurora-syyd,2026-09-07T11:01:14Z,2026-09-07T19:04:46Z,complete
aurora-yubw,2026-09-07T11:01:17Z,2026-09-07T19:00:50Z,complete
aurora-4yz0,2026-09-07T11:01:14Z,2026-09-07T19:00:50Z,complete
aurora-7yvn,2026-09-07T11:01:13Z,2026-09-07T19:00:51Z,complete
aurora-ca3u,2026-09-07T11:01:10Z,2026-09-07T19:00:51Z,complete
aurora-y5hk,2026-09-07T11:01:10Z,2026-09-07T19:00:50Z,complete
aurora-yubw,2026-09-07T03:01:11Z,2026-09-07T11:00:56Z,complete
aurora-syyd,2026-09-07T03:01:09Z,2026-09-07T11:00:56Z,complete
aurora-4yz0,2026-09-07T03:01:09Z,2026-09-07T11:00:56Z,complete
aurora-ca3u,2026-09-07T03:01:09Z,2026-09-07T11:00:50Z,complete
aurora-7yvn,2026-09-07T03:01:06Z,2026-09-07T11:00:56Z,complete
aurora-y5hk,2026-09-07T03:01:07Z,2026-09-07T11:00:50Z,complete
aurora-7yvn,2026-09-06T19:01:18Z,2026-09-07T03:00:49Z,complete
aurora-ca3u,2026-09-06T19:01:11Z,2026-09-07T03:00:50Z,complete
aurora-syyd,2026-09-06T19:01:09Z,2026-09-07T03:00:50Z,complete
aurora-4yz0,2026-09-06T19:01:10Z,2026-09-07T03:00:50Z,complete
aurora-yubw,2026-09-06T19:01:08Z,2026-09-07T03:00:51Z,complete
aurora-y5hk,2026-09-06T19:01:09Z,2026-09-07T03:00:49Z,complete
aurora-yubw,2026-09-06T11:01:08Z,2026-09-06T19:00:51Z,complete
aurora-7yvn,2026-09-06T11:01:08Z,2026-09-06T19:01:00Z,complete
aurora-4yz0,2026-09-06T11:01:08Z,2026-09-06T19:00:51Z,complete
aurora-y5hk,2026-09-06T11:01:08Z,2026-09-06T19:00:50Z,complete
aurora-syyd,2026-09-06T11:01:07Z,2026-09-06T19:00:51Z,complete
aurora-ca3u,2026-09-06T11:01:10Z,2026-09-06T19:00:53Z,complete
aurora-y5hk,2026-09-06T03:01:11Z,2026-09-06T11:00:49Z,complete
aurora-ca3u,2026-09-06T03:01:11Z,2026-09-06T11:00:49Z,complete
aurora-syyd,2026-09-06T03:01:09Z,2026-09-06T11:00:50Z,complete
aurora-yubw,2026-09-06T03:01:09Z,2026-09-06T11:00:50Z,complete
aurora-7yvn,2026-09-06T03:01:08Z,2026-09-06T11:00:49Z,complete
aurora-4yz0,2026-09-06T03:01:08Z,2026-09-06T11:00:50Z,complete
aurora-syyd,2026-09-05T19:01:17Z,2026-09-06T03:00:51Z,complete
aurora-7yvn,2026-09-05T19:01:10Z,2026-09-06T03:00:50Z,complete
aurora-yubw,2026-09-05T19:01:09Z,2026-09-06T03:00:50Z,complete
aurora-y5hk,2026-09-05T19:01:09Z,2026-09-06T03:00:51Z,complete
aurora-ca3u,2026-09-05T19:01:08Z,2026-09-06T03:00:50Z,complete
aurora-4yz0,2026-09-05T19:01:10Z,2026-09-06T03:00:50Z,complete
aurora-ca3u,2026-09-05T11:05:58Z,2026-09-05T19:00:50Z,complete
aurora-7yvn,2026-09-05T11:01:13Z,2026-09-05T19:00:50Z,complete
aurora-syyd,2026-09-05T11:01:09Z,2026-09-05T19:00:57Z,complete
aurora-y5hk,2026-09-05T11:01:08Z,2026-09-05T19:00:50Z,complete
aurora-yubw,2026-09-05T11:01:09Z,2026-09-05T19:00:51Z,complete
aurora-4yz0,2026-09-05T11:01:09Z,2026-09-05T19:00:50Z,complete
aurora-yubw,2026-09-05T03:01:09Z,2026-09-05T11:00:50Z,complete
aurora-7yvn,2026-09-05T03:01:08Z,2026-09-05T11:00:51Z,complete
aurora-4yz0,2026-09-05T03:01:09Z,2026-09-05T11:00:50Z,complete
aurora-syyd,2026-09-05T03:01:08Z,2026-09-05T11:00:50Z,complete
aurora-y5hk,2026-09-05T03:01:08Z,2026-09-05T11:00:50Z,complete
aurora-ca3u,2026-09-05T03:01:07Z,2026-09-05T11:05:39Z,complete
aurora-y5hk,2026-09-04T19:01:10Z,2026-09-05T03:00:49Z,complete
aurora-7yvn,2026-09-04T19:01:09Z,2026-09-05T03:00:50Z,complete
aurora-ca3u,2026-09-04T19:01:09Z,2026-09-05T03:00:49Z,complete
aurora-yubw,2026-09-04T19:01:09Z,2026-09-05T03:00:51Z,complete
aurora-4yz0,2026-09-04T19:01:08Z,2026-09-05T03:00:49Z,complete
aurora-syyd,2026-09-04T19:01:09Z,2026-09-05T03:00:49Z,complete
aurora-ca3u,2026-09-04T11:01:10Z,2026-09-04T19:00:50Z,complete
aurora-syyd,2026-09-04T11:01:10Z,2026-09-04T19:00:50Z,complete
aurora-7yvn,2026-09-04T11:01:11Z,2026-09-04T19:00:50Z,complete
aurora-4yz0,2026-09-04T11:01:10Z,2026-09-04T19:00:50Z,complete
aurora-y5hk,2026-09-04T11:01:10Z,2026-09-04T19:00:50Z,complete
aurora-yubw,2026-09-04T11:01:10Z,2026-09-04T19:00:50Z,complete
aurora-syyd,2026-09-04T03:01:42Z,2026-09-04T11:00:50Z,complete
aurora-y5hk,2026-09-04T03:01:15Z,2026-09-04T11:00:50Z,complete
aurora-ca3u,2026-09-04T03:01:11Z,2026-09-04T11:00:52Z,complete
aurora-4yz0,2026-09-04T03:01:10Z,2026-09-04T11:00:49Z,complete
aurora-yubw,2026-09-04T03:01:09Z,2026-09-04T11:00:49Z,complete
aurora-7yvn,2026-09-04T03:01:09Z,2026-09-04T11:00:51Z,complete
aurora-syyd,2026-09-03T19:05:02Z,2026-09-04T03:01:22Z,complete
aurora-7yvn,2026-09-03T19:01:10Z,2026-09-04T03:00:50Z,complete
aurora-4yz0,2026-09-03T19:01:10Z,2026-09-04T03:00:50Z,complete
aurora-y5hk,2026-09-03T19:01:10Z,2026-09-04T03:00:50Z,complete
aurora-yubw,2026-09-03T19:01:09Z,2026-09-04T03:00:50Z,complete
aurora-ca3u,2026-09-03T19:01:11Z,2026-09-04T03:00:50Z,complete
aurora-syyd,2026-09-03T11:06:05Z,2026-09-03T12:15:47Z,complete
aurora-syyd,2026-09-03T11:04:17Z,2026-09-03T11:05:46Z,complete
aurora-yubw,2026-09-03T11:01:09Z,2026-09-03T19:00:50Z,complete
aurora-7yvn,2026-09-03T11:01:09Z,2026-09-03T19:00:51Z,complete
aurora-y5hk,2026-09-03T11:01:08Z,2026-09-03T19:00:50Z,complete
aurora-ca3u,2026-09-03T11:01:08Z,2026-09-03T19:00:50Z,complete
aurora-4yz0,2026-09-03T11:01:09Z,2026-09-03T19:00:50Z,complete
aurora-syyd,2026-09-03T06:01:41Z,2026-09-03T11:03:58Z,complete
aurora-4yz0,2026-09-03T03:01:09Z,2026-09-03T11:00:49Z,complete
aurora-ca3u,2026-09-03T03:01:10Z,2026-09-03T11:00:49Z,complete
aurora-7yvn,2026-09-03T03:01:10Z,2026-09-03T11:00:50Z,complete
aurora-y5hk,2026-09-03T03:01:09Z,2026-09-03T11:00:50Z,complete
aurora-yubw,2026-09-03T03:01:09Z,2026-09-03T11:00:51Z,complete
aurora-yubw,2026-09-02T19:01:12Z,2026-09-03T03:00:49Z,complete
aurora-syyd,2026-09-02T19:01:09Z,2026-09-02T19:43:17Z,complete
aurora-7yvn,2026-09-02T19:01:09Z,2026-09-03T03:00:50Z,complete
aurora-4yz0,2026-09-02T19:01:12Z,2026-09-03T03:00:51Z,complete
aurora-ca3u,2026-09-02T19:01:08Z,2026-09-03T03:00:50Z,complete
aurora-y5hk,2026-09-02T19:01:09Z,2026-09-03T03:00:49Z,complete
aurora-7yvn,2026-09-02T11:01:12Z,2026-09-02T19:00:50Z,complete
aurora-y5hk,2026-09-02T11:01:09Z,2026-09-02T19:00:50Z,complete
aurora-4yz0,2026-09-02T11:01:11Z,2026-09-02T19:00:50Z,complete
aurora-yubw,2026-09-02T11:01:08Z,2026-09-02T19:00:51Z,complete
aurora-syyd,2026-09-02T11:01:09Z,2026-09-02T19:00:50Z,complete
aurora-ca3u,2026-09-02T11:01:09Z,2026-09-02T19:00:50Z,complete
aurora-syyd,2026-09-02T10:09:04Z,2026-09-02T11:00:49Z,complete
aurora-syyd,2026-09-02T03:02:08Z,2026-09-02T03:48:01Z,complete
aurora-syyd,,,ready
aurora-ca3u,2026-09-02T03:01:10Z,2026-09-02T11:00:49Z,complete
aurora-yubw,2026-09-02T03:01:09Z,2026-09-02T11:00:49Z,complete
aurora-4yz0,2026-09-02T03:01:08Z,2026-09-02T11:00:49Z,complete
aurora-7yvn,2026-09-02T03:01:08Z,2026-09-02T11:00:50Z,complete
aurora-y5hk,2026-09-02T03:01:07Z,2026-09-02T11:00:50Z,complete
aurora-syyd,2026-09-01T19:02:37Z,2026-09-02T03:00:58Z,complete
aurora-ca3u,2026-09-01T19:01:09Z,2026-09-02T03:00:49Z,complete
aurora-yubw,2026-09-01T19:01:09Z,2026-09-02T03:00:49Z,complete
aurora-y5hk,2026-09-01T19:01:09Z,2026-09-02T03:00:49Z,complete
aurora-4yz0,2026-09-01T19:01:09Z,2026-09-02T03:00:50Z,complete
aurora-7yvn,2026-09-01T19:01:10Z,2026-09-02T03:00:49Z,complete
aurora-syyd,2026-09-01T11:01:42Z,2026-09-01T19:02:17Z,complete
aurora-4yz0,2026-09-01T11:01:12Z,2026-09-01T19:00:50Z,complete
aurora-yubw,2026-09-01T11:01:09Z,2026-09-01T19:00:50Z,complete
aurora-7yvn,2026-09-01T11:01:10Z,2026-09-01T19:00:50Z,complete
aurora-ca3u,2026-09-01T11:01:09Z,2026-09-01T19:00:51Z,complete
aurora-y5hk,2026-09-01T11:01:09Z,2026-09-01T19:00:50Z,complete
aurora-syyd,2026-09-01T03:05:04Z,2026-09-01T04:31:47Z,complete
aurora-7yvn,2026-09-01T03:01:09Z,2026-09-01T11:00:50Z,complete
aurora-y5hk,2026-09-01T03:01:09Z,2026-09-01T11:00:50Z,complete
aurora-ca3u,2026-09-01T03:01:08Z,2026-09-01T11:00:50Z,complete
aurora-yubw,2026-09-01T03:01:08Z,2026-09-01T11:00:50Z,complete
aurora-4yz0,2026-09-01T03:01:08Z,2026-09-01T11:00:51Z,complete
aurora-ca3u,2026-08-31T19:05:59Z,2026-09-01T03:00:50Z,complete
aurora-7yvn,2026-08-31T19:01:25Z,2026-09-01T03:00:50Z,complete
aurora-4yz0,2026-08-31T19:01:11Z,2026-09-01T03:00:49Z,complete
aurora-y5hk,2026-08-31T19:01:11Z,2026-09-01T03:00:50Z,complete
aurora-yubw,2026-08-31T19:01:11Z,2026-09-01T03:00:50Z,complete
aurora-syyd,2026-08-31T19:01:09Z,2026-08-31T19:08:11Z,complete
aurora-ca3u,2026-08-31T12:42:33Z,2026-08-31T19:05:40Z,complete
aurora-ca3u,2026-08-31T11:01:11Z,2026-08-31T12:42:13Z,complete
aurora-7yvn,2026-08-31T11:01:09Z,2026-08-31T19:00:51Z,complete
aurora-y5hk,2026-08-31T11:01:09Z,2026-08-31T19:00:51Z,complete
aurora-4yz0,2026-08-31T11:01:08Z,2026-08-31T19:00:51Z,complete
aurora-yubw,2026-08-31T11:01:08Z,2026-08-31T19:00:50Z,complete
aurora-syyd,2026-08-31T11:01:08Z,2026-08-31T19:00:50Z,complete
aurora-ca3u,2026-08-31T06:55:34Z,2026-08-31T11:00:52Z,complete
aurora-y5hk,2026-08-31T03:01:10Z,2026-08-31T11:00:50Z,complete
aurora-7yvn,2026-08-31T03:01:12Z,2026-08-31T11:00:50Z,complete
aurora-ca3u,2026-08-31T03:01:09Z,2026-08-31T06:55:15Z,complete
aurora-yubw,2026-08-31T03:01:10Z,2026-08-31T11:00:50Z,complete
aurora-syyd,2026-08-31T03:01:08Z,2026-08-31T11:00:50Z,complete
aurora-4yz0,2026-08-31T03:01:08Z,2026-08-31T11:00:50Z,complete
aurora-ca3u,2026-08-30T19:01:10Z,2026-08-31T03:00:51Z,complete
aurora-4yz0,2026-08-30T19:01:11Z,2026-08-31T03:00:49Z,complete
aurora-y5hk,2026-08-30T19:01:10Z,2026-08-31T03:00:51Z,complete
aurora-syyd,2026-08-30T19:01:10Z,2026-08-31T03:00:49Z,complete
aurora-7yvn,2026-08-30T19:01:10Z,2026-08-31T03:00:51Z,complete
aurora-yubw,2026-08-30T19:01:08Z,2026-08-31T03:00:49Z,complete
aurora-4yz0,2026-08-30T11:01:12Z,2026-08-30T19:00:50Z,complete
aurora-ca3u,2026-08-30T11:01:09Z,2026-08-30T19:00:52Z,complete
aurora-y5hk,2026-08-30T11:01:10Z,2026-08-30T19:00:51Z,complete
aurora-syyd,2026-08-30T11:01:09Z,2026-08-30T19:00:50Z,complete
aurora-7yvn,2026-08-30T11:01:09Z,2026-08-30T19:00:50Z,complete
aurora-yubw,2026-08-30T11:01:10Z,2026-08-30T19:00:50Z,complete
aurora-ca3u,2026-08-30T09:27:55Z,2026-08-30T11:00:51Z,complete
aurora-ca3u,2026-08-30T03:01:09Z,2026-08-30T09:27:37Z,complete
aurora-yubw,2026-08-30T03:01:09Z,2026-08-30T11:00:49Z,complete
aurora-syyd,2026-08-30T03:01:07Z,2026-08-30T11:00:51Z,complete
aurora-4yz0,2026-08-30T03:01:08Z,2026-08-30T11:00:52Z,complete
aurora-7yvn,2026-08-30T03:01:08Z,2026-08-30T11:00:50Z,complete
aurora-y5hk,2026-08-30T03:01:09Z,2026-08-30T11:00:51Z,complete
aurora-4yz0,2026-08-29T19:01:33Z,2026-08-30T03:00:49Z,complete
aurora-ca3u,2026-08-29T19:01:17Z,2026-08-30T03:00:51Z,complete
aurora-syyd,2026-08-29T19:01:08Z,2026-08-30T03:00:50Z,complete
aurora-yubw,2026-08-29T19:01:10Z,2026-08-30T03:00:50Z,complete
aurora-y5hk,2026-08-29T19:01:08Z,2026-08-30T03:00:49Z,complete
aurora-7yvn,2026-08-29T19:01:08Z,2026-08-30T03:00:49Z,complete
aurora-ca3u,2026-08-29T12:45:43Z,2026-08-29T19:01:00Z,complete
aurora-y5hk,2026-08-29T11:01:11Z,2026-08-29T19:00:49Z,complete
aurora-syyd,2026-08-29T11:01:08Z,2026-08-29T19:00:50Z,complete
aurora-7yvn,2026-08-29T11:01:09Z,2026-08-29T19:00:49Z,complete
aurora-ca3u,2026-08-29T11:01:09Z,2026-08-29T12:45:25Z,complete
aurora-4yz0,2026-08-29T11:01:08Z,2026-08-29T19:01:14Z,complete
aurora-yubw,2026-08-29T11:01:08Z,2026-08-29T19:00:50Z,complete
aurora-syyd,2026-08-29T03:01:40Z,2026-08-29T11:00:49Z,complete
aurora-y5hk,2026-08-29T03:01:12Z,2026-08-29T11:00:50Z,complete
aurora-7yvn,2026-08-29T03:01:08Z,2026-08-29T11:00:49Z,complete
aurora-yubw,2026-08-29T03:01:07Z,2026-08-29T11:00:49Z,complete
aurora-4yz0,2026-08-29T03:01:09Z,2026-08-29T11:00:49Z,complete
aurora-ca3u,2026-08-29T03:01:10Z,2026-08-29T11:00:50Z,complete
aurora-syyd,2026-08-28T19:01:13Z,2026-08-28T19:49:27Z,complete
aurora-ca3u,2026-08-28T19:01:10Z,2026-08-29T03:00:50Z,complete
aurora-4yz0,2026-08-28T19:01:10Z,2026-08-29T03:00:50Z,complete
aurora-yubw,2026-08-28T19:01:10Z,2026-08-29T03:00:49Z,complete
aurora-y5hk,2026-08-28T19:01:39Z,2026-08-29T03:00:50Z,complete
aurora-7yvn,2026-08-28T19:01:09Z,2026-08-29T03:00:50Z,complete
aurora-syyd,2026-08-28T18:18:20Z,2026-08-28T19:00:51Z,complete
aurora-syyd,2026-08-28T15:17:20Z,2026-08-28T18:18:01Z,complete
aurora-syyd,2026-08-28T11:03:36Z,2026-08-28T15:17:01Z,complete
aurora-syyd,2026-08-28T11:02:17Z,2026-08-28T11:03:16Z,complete
aurora-yubw,2026-08-28T11:01:08Z,2026-08-28T19:00:50Z,complete
aurora-4yz0,2026-08-28T11:01:08Z,2026-08-28T19:00:50Z,complete
aurora-ca3u,2026-08-28T11:01:08Z,2026-08-28T19:00:51Z,complete
aurora-7yvn,2026-08-28T11:01:08Z,2026-08-28T19:00:49Z,complete
aurora-y5hk,2026-08-28T11:01:08Z,2026-08-28T19:00:49Z,complete
aurora-syyd,2026-08-28T03:03:52Z,2026-08-28T11:01:58Z,complete
aurora-syyd,2026-08-28T03:01:58Z,2026-08-28T03:03:34Z,complete
aurora-yubw,2026-08-28T03:01:09Z,2026-08-28T11:00:50Z,complete
aurora-y5hk,2026-08-28T03:01:09Z,2026-08-28T11:00:50Z,complete
aurora-ca3u,2026-08-28T03:01:09Z,2026-08-28T11:00:50Z,complete
aurora-7yvn,2026-08-28T03:01:08Z,2026-08-28T11:00:50Z,complete
aurora-4yz0,2026-08-28T03:01:08Z,2026-08-28T11:00:50Z,complete
aurora-yubw,2026-08-27T19:01:09Z,2026-08-28T03:00:51Z,complete
aurora-4yz0,2026-08-27T19:01:09Z,2026-08-28T03:00:49Z,complete
aurora-y5hk,2026-08-27T19:01:08Z,2026-08-28T03:00:50Z,complete
aurora-syyd,2026-08-27T19:01:08Z,2026-08-28T03:01:39Z,complete
aurora-7yvn,2026-08-27T19:01:09Z,2026-08-28T03:00:50Z,complete
aurora-ca3u,2026-08-27T19:01:08Z,2026-08-28T03:00:50Z,complete
aurora-y5hk,2026-08-27T11:01:21Z,2026-08-27T19:00:50Z,complete
aurora-4yz0,2026-08-27T11:01:09Z,2026-08-27T19:00:50Z,complete
aurora-yubw,2026-08-27T11:01:09Z,2026-08-27T19:00:50Z,complete
aurora-ca3u,2026-08-27T11:01:08Z,2026-08-27T19:00:49Z,complete
aurora-syyd,2026-08-27T11:01:08Z,2026-08-27T19:00:50Z,complete
aurora-7yvn,2026-08-27T11:01:10Z,2026-08-27T19:00:49Z,complete
aurora-syyd,2026-08-27T09:07:31Z,2026-08-27T11:00:50Z,complete
aurora-syyd,2026-08-27T03:05:04Z,2026-08-27T09:07:13Z,complete
aurora-yubw,2026-08-27T03:01:10Z,2026-08-27T11:00:51Z,complete
aurora-y5hk,2026-08-27T03:01:09Z,2026-08-27T11:00:51Z,complete
aurora-ca3u,2026-08-27T03:01:11Z,2026-08-27T11:00:50Z,complete
aurora-7yvn,2026-08-27T03:01:09Z,2026-08-27T11:00:50Z,complete
aurora-4yz0,2026-08-27T03:01:08Z,2026-08-27T11:00:51Z,complete
aurora-syyd,2026-08-26T19:01:41Z,2026-08-26T19:46:55Z,complete
aurora-4yz0,2026-08-26T19:01:10Z,2026-08-27T03:00:50Z,complete
aurora-yubw,2026-08-26T19:01:11Z,2026-08-27T03:00:50Z,complete
aurora-y5hk,2026-08-26T19:01:10Z,2026-08-27T03:00:50Z,complete
aurora-ca3u,2026-08-26T19:01:11Z,2026-08-27T03:00:50Z,complete
aurora-7yvn,2026-08-26T19:01:09Z,2026-08-27T03:00:50Z,complete
aurora-4yz0,2026-08-26T11:01:10Z,2026-08-26T19:00:52Z,complete
aurora-syyd,2026-08-26T11:01:09Z,2026-08-26T12:31:00Z,complete
aurora-7yvn,2026-08-26T11:01:08Z,2026-08-26T19:00:50Z,complete
aurora-yubw,2026-08-26T11:01:11Z,2026-08-26T19:00:50Z,complete
aurora-ca3u,2026-08-26T11:01:07Z,2026-08-26T19:00:50Z,complete
aurora-y5hk,2026-08-26T11:01:06Z,2026-08-26T19:00:51Z,complete
aurora-y5hk,2026-08-26T03:01:09Z,2026-08-26T11:00:49Z,complete
aurora-yubw,2026-08-26T03:01:09Z,2026-08-26T11:00:49Z,complete
aurora-7yvn,2026-08-26T03:01:10Z,2026-08-26T11:00:50Z,complete
aurora-ca3u,2026-08-26T03:01:08Z,2026-08-26T11:00:50Z,complete
aurora-4yz0,2026-08-26T03:01:08Z,2026-08-26T11:00:51Z,complete
aurora-syyd,2026-08-26T03:01:07Z,2026-08-26T11:00:50Z,complete
aurora-4yz0,2026-08-25T19:01:17Z,2026-08-26T03:00:49Z,complete
aurora-y5hk,2026-08-25T19:01:09Z,2026-08-26T03:00:50Z,complete
aurora-7yvn,2026-08-25T19:01:09Z,2026-08-26T03:00:49Z,complete
aurora-yubw,2026-08-25T19:01:09Z,2026-08-26T03:00:50Z,complete
aurora-ca3u,2026-08-25T19:01:09Z,2026-08-26T03:00:50Z,complete
aurora-syyd,2026-08-25T19:01:09Z,2026-08-26T03:00:49Z,complete
aurora-7yvn,2026-08-25T11:01:10Z,2026-08-25T19:00:50Z,complete
aurora-syyd,2026-08-25T11:01:08Z,2026-08-25T19:00:50Z,complete
aurora-yubw,2026-08-25T11:01:10Z,2026-08-25T19:00:50Z,complete
aurora-y5hk,2026-08-25T11:01:09Z,2026-08-25T19:00:51Z,complete
aurora-ca3u,2026-08-25T11:01:08Z,2026-08-25T19:00:50Z,complete
aurora-ca3u,2026-08-25T03:06:30Z,2026-08-25T11:00:49Z,complete
aurora-ca3u,2026-08-25T03:04:48Z,2026-08-25T03:06:12Z,complete
aurora-syyd,2026-08-25T03:01:10Z,2026-08-25T11:00:50Z,complete
aurora-y5hk,2026-08-25T03:01:09Z,2026-08-25T11:00:50Z,complete
aurora-yubw,2026-08-25T03:01:09Z,2026-08-25T11:00:50Z,complete
aurora-4yz0,2026-08-25T03:01:09Z,2026-08-25T11:00:23Z,complete
aurora-7yvn,2026-08-25T03:01:09Z,2026-08-25T11:00:50Z,complete
aurora-yubw,2026-08-24T19:01:10Z,2026-08-25T03:00:50Z,complete
aurora-syyd,2026-08-24T19:01:11Z,2026-08-25T03:00:52Z,complete
aurora-7yvn,2026-08-24T19:01:11Z,2026-08-25T03:00:50Z,complete
aurora-ca3u,2026-08-24T19:01:10Z,2026-08-25T03:04:30Z,complete
aurora-y5hk,2026-08-24T19:01:09Z,2026-08-25T03:00:50Z,complete
aurora-4yz0,2026-08-24T19:01:09Z,2026-08-25T03:00:50Z,complete
aurora-yubw,2026-08-24T11:01:10Z,2026-08-24T19:00:51Z,complete
aurora-7yvn,2026-08-24T11:01:09Z,2026-08-24T19:00:50Z,complete
aurora-syyd,2026-08-24T11:01:09Z,2026-08-24T19:00:51Z,complete
aurora-y5hk,2026-08-24T11:01:09Z,2026-08-24T19:00:50Z,complete
aurora-4yz0,2026-08-24T11:01:09Z,2026-08-24T19:00:50Z,complete
aurora-ca3u,2026-08-24T11:01:09Z,2026-08-24T19:00:50Z,complete
aurora-4yz0,2026-08-24T03:01:11Z,2026-08-24T11:00:50Z,complete
aurora-yubw,2026-08-24T03:01:10Z,2026-08-24T11:00:50Z,complete
aurora-y5hk,2026-08-24T03:01:10Z,2026-08-24T11:00:50Z,complete
aurora-ca3u,2026-08-24T03:01:09Z,2026-08-24T11:00:50Z,complete
aurora-7yvn,2026-08-24T03:01:09Z,2026-08-24T11:00:50Z,complete
aurora-syyd,2026-08-24T03:01:09Z,2026-08-24T11:00:50Z,complete
aurora-y5hk,2026-08-23T19:01:16Z,2026-08-24T03:00:50Z,complete
aurora-4yz0,2026-08-23T19:01:15Z,2026-08-24T03:00:51Z,complete
aurora-syyd,2026-08-23T19:01:14Z,2026-08-24T03:00:49Z,complete
aurora-yubw,2026-08-23T19:01:12Z,2026-08-24T03:00:50Z,complete
aurora-7yvn,2026-08-23T19:01:09Z,2026-08-24T03:00:50Z,complete
aurora-ca3u,2026-08-23T19:01:09Z,2026-08-24T03:00:49Z,complete
aurora-syyd,2026-08-23T11:01:12Z,2026-08-23T19:00:55Z,complete
aurora-y5hk,2026-08-23T11:01:12Z,2026-08-23T19:00:54Z,complete
aurora-yubw,2026-08-23T11:01:11Z,2026-08-23T19:00:25Z,complete
aurora-4yz0,2026-08-23T11:01:12Z,2026-08-23T19:00:56Z,complete
aurora-7yvn,2026-08-23T11:01:10Z,2026-08-23T19:00:51Z,complete
aurora-ca3u,2026-08-23T11:01:10Z,2026-08-23T19:00:51Z,complete
aurora-7yvn,2026-08-23T03:01:11Z,2026-08-23T11:00:50Z,complete
aurora-y5hk,2026-08-23T03:01:11Z,2026-08-23T11:00:51Z,complete
aurora-yubw,2026-08-23T03:01:09Z,2026-08-23T11:00:50Z,complete
aurora-ca3u,2026-08-23T03:01:10Z,2026-08-23T11:00:50Z,complete
aurora-4yz0,2026-08-23T03:01:09Z,2026-08-23T11:00:50Z,complete
aurora-syyd,2026-08-23T03:01:09Z,2026-08-23T11:00:51Z,complete
aurora-syyd,2026-08-22T19:01:22Z,2026-08-23T03:00:49Z,complete
aurora-ca3u,2026-08-22T19:01:10Z,2026-08-23T03:00:50Z,complete
aurora-7yvn,2026-08-22T19:01:10Z,2026-08-23T03:00:49Z,complete
aurora-y5hk,2026-08-22T19:01:08Z,2026-08-23T03:00:50Z,complete
aurora-4yz0,2026-08-22T19:01:08Z,2026-08-23T03:00:49Z,complete
aurora-yubw,2026-08-22T19:01:09Z,2026-08-23T03:00:50Z,complete
aurora-ca3u,2026-08-22T11:01:23Z,2026-08-22T19:00:50Z,complete
aurora-4yz0,2026-08-22T11:01:12Z,2026-08-22T19:00:50Z,complete
aurora-yubw,2026-08-22T11:01:12Z,2026-08-22T19:00:50Z,complete
aurora-syyd,2026-08-22T11:01:10Z,2026-08-22T19:00:50Z,complete
aurora-y5hk,2026-08-22T11:01:11Z,2026-08-22T19:00:50Z,complete
aurora-7yvn,2026-08-22T11:01:09Z,2026-08-22T19:00:50Z,complete
aurora-4yz0,2026-08-22T03:01:09Z,2026-08-22T11:00:51Z,complete
aurora-y5hk,2026-08-22T03:01:10Z,2026-08-22T11:00:50Z,complete
aurora-7yvn,2026-08-22T03:01:09Z,2026-08-22T11:00:50Z,complete
aurora-yubw,2026-08-22T03:01:08Z,2026-08-22T11:00:51Z,complete
aurora-ca3u,2026-08-22T03:01:08Z,2026-08-22T11:00:51Z,complete
aurora-syyd,2026-08-22T03:01:08Z,2026-08-22T11:00:51Z,complete
aurora-y5hk,2026-08-21T19:01:23Z,2026-08-22T03:00:50Z,complete
aurora-yubw,2026-08-21T19:01:10Z,2026-08-22T03:00:50Z,complete
aurora-7yvn,2026-08-21T19:01:10Z,2026-08-22T03:00:50Z,complete
aurora-syyd,2026-08-21T19:01:10Z,2026-08-22T03:00:49Z,complete
aurora-4yz0,2026-08-21T19:01:10Z,2026-08-22T03:00:49Z,complete
aurora-ca3u,2026-08-21T19:01:10Z,2026-08-22T03:00:50Z,complete
aurora-yubw,2026-08-21T11:01:11Z,2026-08-21T19:00:51Z,complete
aurora-7yvn,2026-08-21T11:01:08Z,2026-08-21T19:00:51Z,complete
aurora-syyd,2026-08-21T11:01:10Z,2026-08-21T19:00:51Z,complete
aurora-4yz0,2026-08-21T11:01:09Z,2026-08-21T19:00:51Z,complete
aurora-y5hk,2026-08-21T11:01:10Z,2026-08-21T19:00:51Z,complete
aurora-ca3u,2026-08-21T11:01:09Z,2026-08-21T19:00:50Z,complete
aurora-syyd,2026-08-21T06:32:42Z,2026-08-21T11:00:50Z,complete
aurora-yubw,2026-08-21T03:01:12Z,2026-08-21T11:00:51Z,complete
aurora-7yvn,2026-08-21T03:01:11Z,2026-08-21T11:00:50Z,complete
aurora-ca3u,2026-08-21T03:01:10Z,2026-08-21T11:00:49Z,complete
aurora-y5hk,2026-08-21T03:01:10Z,2026-08-21T11:00:50Z,complete
aurora-4yz0,2026-08-21T03:01:10Z,2026-08-21T11:00:50Z,complete
aurora-4yz0,2026-08-20T19:56:09Z,2026-08-21T03:00:50Z,complete
aurora-syyd,2026-08-20T19:01:42Z,2026-08-20T20:23:17Z,complete
aurora-y5hk,2026-08-20T19:01:10Z,2026-08-21T03:00:51Z,complete
aurora-ca3u,2026-08-20T19:01:10Z,2026-08-21T03:00:50Z,complete
aurora-yubw,2026-08-20T19:01:09Z,2026-08-21T03:00:52Z,complete
aurora-4yz0,2026-08-20T19:01:09Z,2026-08-20T19:55:50Z,complete
aurora-7yvn,2026-08-20T19:01:08Z,2026-08-21T03:00:52Z,complete
aurora-syyd,2026-08-20T11:04:27Z,2026-08-20T11:40:32Z,complete
aurora-yubw,2026-08-20T11:01:09Z,2026-08-20T19:00:51Z,complete
aurora-y5hk,2026-08-20T11:01:08Z,2026-08-20T19:00:51Z,complete
aurora-ca3u,2026-08-20T11:01:09Z,2026-08-20T19:00:51Z,complete
aurora-4yz0,2026-08-20T11:01:08Z,2026-08-20T19:00:50Z,complete
aurora-7yvn,2026-08-20T11:01:08Z,2026-08-20T19:00:50Z,complete
aurora-syyd,2026-08-20T03:06:33Z,2026-08-20T03:23:32Z,complete
aurora-y5hk,2026-08-20T03:01:09Z,2026-08-20T11:00:50Z,complete
aurora-7yvn,2026-08-20T03:01:10Z,2026-08-20T11:00:49Z,complete
aurora-ca3u,2026-08-20T03:01:09Z,2026-08-20T11:00:50Z,complete
aurora-4yz0,2026-08-20T03:01:09Z,2026-08-20T11:00:50Z,complete
aurora-yubw,2026-08-20T03:01:08Z,2026-08-20T03:03:23Z,complete
aurora-yubw,2026-08-19T19:08:08Z,2026-08-19T19:08:55Z,complete
aurora-syyd,2026-08-19T19:03:06Z,2026-08-19T20:47:28Z,complete
aurora-ca3u,2026-08-19T19:01:11Z,2026-08-20T03:00:50Z,complete
aurora-4yz0,2026-08-19T19:01:11Z,2026-08-20T03:00:50Z,complete
aurora-y5hk,2026-08-19T19:01:10Z,2026-08-20T03:00:51Z,complete
aurora-7yvn,2026-08-19T19:01:10Z,2026-08-20T03:00:50Z,complete
aurora-yubw,2026-08-19T19:01:12Z,2026-08-19T19:07:51Z,complete
aurora-yubw,2026-08-19T17:49:44Z,2026-08-19T19:00:50Z,complete
aurora-syyd,2026-08-19T17:49:23Z,2026-08-19T19:02:48Z,complete
aurora-y5hk,2026-08-19T17:49:16Z,2026-08-19T19:00:50Z,complete
aurora-ca3u,2026-08-19T17:36:28Z,2026-08-19T19:00:51Z,complete
aurora-7yvn,2026-08-19T17:36:19Z,2026-08-19T19:00:50Z,complete
aurora-yubw,2026-08-19T11:01:08Z,2026-08-19T17:49:24Z,complete
aurora-7yvn,2026-08-19T11:01:08Z,2026-08-19T17:36:00Z,complete
aurora-ca3u,2026-08-19T11:01:09Z,2026-08-19T17:36:10Z,complete
aurora-y5hk,2026-08-19T11:01:09Z,2026-08-19T17:48:57Z,complete
aurora-4yz0,2026-08-19T11:01:08Z,2026-08-19T19:00:51Z,complete
aurora-yubw,2026-08-19T03:17:47Z,2026-08-19T11:00:50Z,complete
aurora-y5hk,2026-08-19T03:17:42Z,2026-08-19T11:00:49Z,complete
aurora-ca3u,2026-08-19T03:17:34Z,2026-08-19T11:00:49Z,complete
aurora-7yvn,2026-08-19T03:17:29Z,2026-08-19T11:00:50Z,complete
aurora-4yz0,2026-08-19T03:17:19Z,2026-08-19T11:00:50Z,complete
aurora-yubw,2026-08-19T03:01:11Z,2026-08-19T03:17:31Z,complete
aurora-y5hk,2026-08-19T03:01:10Z,2026-08-19T03:17:23Z,complete
aurora-4yz0,2026-08-19T03:01:10Z,2026-08-19T03:17:01Z,complete
aurora-ca3u,2026-08-19T03:01:09Z,2026-08-19T03:17:16Z,complete
aurora-7yvn,2026-08-19T03:01:10Z,2026-08-19T03:17:09Z,complete
aurora-7yvn,2026-08-18T22:56:24Z,2026-08-19T03:00:50Z,complete
aurora-ca3u,2026-08-18T22:56:25Z,2026-08-19T03:00:50Z,complete
aurora-yubw,2026-08-18T22:56:25Z,2026-08-19T03:00:52Z,complete
aurora-y5hk,2026-08-18T22:56:21Z,2026-08-19T03:00:51Z,complete
aurora-4yz0,2026-08-18T22:55:14Z,2026-08-19T03:00:51Z,complete
aurora-4yz0,2026-08-18T19:01:10Z,2026-08-18T22:54:55Z,complete
aurora-4yz0,2026-08-18T11:01:10Z,2026-08-18T19:00:52Z,complete
aurora-7yvn,2026-08-18T09:24:18Z,2026-08-18T22:56:07Z,complete
aurora-4yz0,2026-08-18T03:01:11Z,2026-08-18T11:00:49Z,complete
aurora-4yz0,2026-08-17T19:01:12Z,2026-08-18T03:00:52Z,complete
aurora-4yz0,2026-08-17T11:01:10Z,2026-08-17T19:00:51Z,complete
aurora-4yz0,2026-08-17T03:01:12Z,2026-08-17T11:00:50Z,complete
aurora-4yz0,2026-08-16T19:01:11Z,2026-08-17T03:00:52Z,complete
aurora-4yz0,2026-08-16T11:01:08Z,2026-08-16T19:00:51Z,complete
aurora-4yz0,2026-08-16T03:01:10Z,2026-08-16T11:00:49Z,complete
aurora-4yz0,2026-08-15T19:01:09Z,2026-08-16T03:00:50Z,complete
aurora-4yz0,2026-08-15T11:01:10Z,2026-08-15T19:00:51Z,complete
aurora-4yz0,2026-08-15T03:01:10Z,2026-08-15T11:00:50Z,complete
aurora-4yz0,2026-08-14T19:01:09Z,2026-08-15T03:00:50Z,complete
aurora-4yz0,2026-08-14T11:01:10Z,2026-08-14T19:00:51Z,complete
aurora-4yz0,2026-08-14T03:01:11Z,2026-08-14T11:00:50Z,complete
aurora-4yz0,2026-08-13T19:01:37Z,2026-08-14T03:00:51Z,complete
aurora-4yz0,2026-08-13T11:01:09Z,2026-08-13T19:00:51Z,complete
aurora-4yz0,2026-08-13T03:01:08Z,2026-08-13T11:00:50Z,complete
aurora-4yz0,2026-08-12T19:01:09Z,2026-08-13T03:00:50Z,complete
aurora-yubw,2026-08-12T15:12:16Z,2026-08-18T22:56:07Z,complete
aurora-y5hk,2026-08-12T15:12:15Z,2026-08-18T22:56:04Z,complete
aurora-ca3u,2026-08-12T15:12:14Z,2026-08-18T22:56:07Z,complete
aurora-7yvn,2026-08-12T15:12:13Z,2026-08-18T09:24:00Z,complete
aurora-4yz0,2026-08-12T15:12:05Z,2026-08-12T19:00:49Z,complete
