t_utc,option,life_cycle,stream_status,health,issues
06:43:39,C,live,active,good,audioBitrateLow
06:43:40,A,live,active,good,
06:43:40,B,live,active,good,audioBitrateLow
06:44:10,C,live,active,good,
06:44:10,A,live,active,good,
06:44:11,B,live,active,good,
06:44:41,C,live,active,good,
06:44:42,A,live,inactive,noData,
06:44:42,B,live,active,good,
06:45:12,C,live,active,good,
06:45:12,A,live,inactive,noData,
06:45:12,B,live,active,good,
06:45:43,C,live,active,good,
06:45:43,A,live,active,good,bitrateHigh
06:45:43,B,live,active,good,
06:46:13,C,live,active,noData,
06:46:13,A,live,active,good,bitrateHigh
06:46:13,B,live,active,noData,
06:46:44,C,live,active,good,
06:46:44,A,live,active,good,bitrateHigh
06:46:44,B,live,active,good,audioBitrateLow
06:47:14,C,live,active,good,
06:47:15,A,live,active,good,bitrateHigh
06:47:15,B,live,active,good,audioBitrateLow
06:47:46,C,live,active,good,
06:47:46,A,live,active,good,
06:47:46,B,live,active,good,audioBitrateLow
06:48:16,C,live,active,good,
06:48:17,A,live,active,good,
06:48:17,B,live,active,good,audioBitrateLow
06:48:47,C,live,active,good,
06:48:47,A,live,active,good,
06:48:48,B,live,active,good,audioBitrateLow
06:49:18,C,live,inactive,noData,
06:49:18,A,live,active,good,
06:49:18,B,live,inactive,noData,
06:49:49,C,live,active,good,
06:49:49,B,live,active,good,
06:49:49,A,live,active,good,audioBitrateLow
06:50:19,C,live,active,good,
06:50:19,B,live,active,good,
06:50:20,A,live,active,good,audioBitrateLow
06:50:50,C,live,active,good,
06:50:50,B,live,active,good,
06:50:50,A,live,active,good,audioBitrateLow
06:51:21,C,live,active,good,
06:51:21,B,live,active,good,
06:51:21,A,live,active,good,audioBitrateLow
06:51:51,C,live,active,good,audioBitrateLow
06:51:51,B,live,active,noData,
06:51:52,A,live,active,good,audioBitrateLow
06:52:22,C,live,active,good,audioBitrateLow
06:52:22,B,live,active,good,
06:52:22,A,live,active,good,audioBitrateLow
06:52:53,C,live,active,good,audioBitrateLow
06:52:53,B,live,active,good,
06:52:53,A,live,active,good,audioBitrateLow
06:53:24,C,live,active,good,audioBitrateLow
06:53:24,B,live,active,good,
06:53:24,A,live,active,good,audioBitrateLow
06:53:54,C,live,active,good,audioBitrateLow
06:53:55,B,live,active,good,
06:53:55,A,live,active,good,audioBitrateLow
06:54:25,C,live,active,good,audioBitrateLow
06:54:26,B,live,active,good,
06:54:26,A,live,active,good,audioBitrateLow
06:54:56,C,live,active,good,audioBitrateLow
06:54:56,B,live,active,good,
06:54:56,A,live,active,good,audioBitrateLow
06:55:27,C,live,active,good,audioBitrateLow
06:55:27,B,live,active,good,
06:55:27,A,live,active,good,audioBitrateLow
06:55:58,C,live,active,good,audioBitrateLow
06:55:58,B,live,active,good,
06:55:59,A,live,active,good,audioBitrateLow
06:56:29,C,live,active,good,audioBitrateLow
06:56:29,B,live,active,good,audioBitrateLow
06:56:29,A,live,active,good,audioBitrateLow
06:57:00,C,live,active,good,audioBitrateLow
06:57:00,B,live,active,good,audioBitrateLow
06:57:00,A,live,active,good,audioBitrateLow
06:57:30,C,live,active,good,audioBitrateLow
06:57:30,B,live,active,good,audioBitrateLow
06:57:31,A,live,active,good,audioBitrateLow
06:58:01,C,live,active,good,audioBitrateLow
06:58:01,B,live,active,good,audioBitrateLow
06:58:01,A,live,active,good,audioBitrateLow
06:58:31,C,live,active,good,audioBitrateLow
06:58:32,B,live,active,good,audioBitrateLow
06:58:32,A,live,active,good,audioBitrateLow
06:59:02,C,live,active,good,audioBitrateLow
06:59:02,B,live,active,good,audioBitrateLow
06:59:02,A,live,active,good,audioBitrateLow
06:59:33,C,live,active,good,audioBitrateLow
06:59:33,B,live,active,good,audioBitrateLow
06:59:33,A,live,active,good,audioBitrateLow
07:00:03,C,live,active,good,
07:00:04,B,live,active,good,audioBitrateLow
07:00:04,A,live,active,good,audioBitrateLow
07:00:34,C,live,active,good,
07:00:34,B,live,active,good,audioBitrateLow
07:00:34,A,live,active,good,audioBitrateLow
07:01:05,C,live,active,good,
07:01:05,B,live,active,good,audioBitrateLow
07:01:05,A,live,active,good,audioBitrateLow
07:01:35,C,live,active,good,
07:01:35,B,live,active,good,audioBitrateLow
07:01:36,A,live,active,good,audioBitrateLow
07:02:06,C,live,active,good,
07:02:06,B,live,active,good,audioBitrateLow
07:02:06,A,live,active,good,audioBitrateLow
07:02:37,C,live,active,good,
07:02:37,B,live,active,good,audioBitrateLow
07:02:37,A,live,active,good,audioBitrateLow
07:03:07,C,live,active,good,
07:03:07,B,live,active,good,audioBitrateLow
07:03:07,A,live,active,good,audioBitrateLow
07:03:38,C,live,active,good,
07:03:38,B,live,active,good,audioBitrateLow
07:03:38,A,live,active,good,audioBitrateLow
07:04:08,C,live,active,good,audioBitrateLow
07:04:09,B,live,active,good,audioBitrateLow
07:04:09,A,live,active,good,audioBitrateLow
07:04:39,C,live,active,good,audioBitrateLow
07:04:39,B,live,active,good,audioBitrateLow
07:04:40,A,live,active,good,audioBitrateLow
07:05:10,C,live,active,good,audioBitrateLow
07:05:10,B,live,active,good,audioBitrateLow
07:05:10,A,live,active,good,audioBitrateLow
07:05:41,C,live,active,good,audioBitrateLow
07:05:41,B,live,active,good,audioBitrateLow
07:05:41,A,live,inactive,noData,
07:06:12,C,live,active,good,audioBitrateLow
07:06:12,B,live,active,good,audioBitrateLow
07:06:12,A,live,active,good,
07:06:42,C,live,active,good,audioBitrateLow
07:06:42,B,live,active,good,audioBitrateLow
07:06:43,A,live,active,good,
07:07:13,C,live,active,good,audioBitrateLow
07:07:13,B,live,active,good,audioBitrateLow
07:07:13,A,live,active,good,
